Work Record ID,Date,No. Hrs,Employee ID,Customer ID,Job ID,Work Performed
WR0001,2015-05-11,4.00,E001,C001,,Wood Splitting
WR0002,2015-05-11,4.00,E002,C001,,Wood Splitting
WR0003,2015-05-12,3.00,E001,C001,,Wood Splitting
WR0004,2015-05-12,4.50,E002,C001,,Wood Splitting
WR0005,2015-05-12,4.50,E003,C001,,Wood Splitting
WR0006,2015-05-17,1.00,E002,C002,,Garden Bed Modification
WR0007,2015-05-17,1.00,E003,C002,,Garden Bed Modification
WR0008,2015-05-18,3.50,E001,C002,,Garden Bed Modification
WR0009,2015-05-18,3.50,E002,C002,,Garden Bed Modification
WR0010,2015-05-18,3.50,E003,C002,,Garden Bed Modification
WR0011,2015-05-23,2.00,E001,C001,,Deck Staining
WR0012,2015-05-23,3.50,E001,C002,,Garden Bed Modification
WR0013,2015-05-23,3.50,E002,C002,,Garden Bed Modification
WR0014,2015-05-23,4.00,E002,C001,,Deck Staining
WR0015,2015-05-23,2.00,E003,C001,,Deck Staining
WR0016,2015-05-23,3.50,E003,C002,,Garden Bed Modification
WR0017,2015-05-24,3.50,E001,C002,,Garden Bed Modification
WR0018,2015-05-24,5.00,E002,C002,,Garden Bed Modification
WR0019,2015-05-24,2.50,E003,C002,,Garden Bed Modification
WR0020,2015-05-27,1.00,E001,C003,,Lawn Mowing
WR0021,2015-05-27,0.50,E002,C004,,Lawn Mowing
WR0022,2015-05-27,1.00,E002,C003,,Lawn Mowing
WR0023,2015-05-28,3.00,E001,C005,,Window Washing
WR0024,2015-05-28,3.00,E002,C005,,Window Washing
WR0025,2015-05-30,2.00,E002,C005,,Eavestrough Cleaning
WR0026,2015-05-30,2.00,E003,C005,,Eavestrough Cleaning
WR0027,2015-06-01,1.00,E001,C001,,Mow Lawn
WR0028,2015-06-01,2.00,E001,C003,,Mow Lawn
WR0029,2015-06-02,5.00,E002,C006,,Business Card
WR0030,2015-06-02,5.00,E003,C006,,Business Card
WR0031,2015-06-03,1.00,E001,C004,,Lawn Mowing
WR0032,2015-06-03,3.50,E001,C003,,Gardening
WR0033,2015-06-03,3.50,E002,C003,,Gardening
WR0034,2015-06-04,3.00,E001,C003,,Yardwork
WR0035,2015-06-05,1.00,E001,C003,,Yardwork
WR0036,2015-06-06,6.00,E002,C007,,"Weeding, Gardening
"
WR0037,2015-06-06,6.00,E003,C007,,"Weeding, Gardening
"
WR0038,2015-06-07,2.00,E002,C008,,"Raking
"
WR0039,2015-06-07,2.00,E003,C008,,"Raking
"
WR0040,2015-06-09,1.00,E002,C004,,
WR0041,2015-06-09,1.50,E002,C001,,
WR0042,2015-06-10,3.00,E001,C007,,Gardening
WR0043,2015-06-10,3.00,E002,C007,,Gardening
WR0044,2015-06-11,1.50,E001,C009,,
WR0045,2015-06-11,2.00,E001,C003,,
WR0046,2015-06-13,4.50,E003,C007,,Gardening/weeding
WR0047,2015-06-15,2.00,E001,C003,,Detail car
WR0048,2015-06-15,2.00,E002,C003,,Detail car
WR0049,2015-06-16,1.00,E001,C001,,
WR0050,2015-06-16,5.00,E001,C009,,
WR0051,2015-06-16,1.00,E002,C004,,
WR0052,2015-06-16,5.00,E002,C009,,
WR0053,2015-06-17,4.50,E001,C010,,Lawn edges
WR0054,2015-06-17,4.50,E002,C010,,Lawn edges
WR0055,2015-06-18,5.00,E002,C011,,Digging up garden
WR0056,2015-06-19,1.50,E002,C009,,Lawn mow
WR0057,2015-06-20,3.00,E002,C007,,Weeding Pruning
WR0058,2015-06-20,3.00,E003,C007,,Weeding Pruning
WR0059,2015-06-20,3.00,E004,C007,,Weeding Pruning
WR0060,2015-06-21,5.00,E002,C012,,Weeding 
WR0061,2015-06-21,2.50,E003,C012,,Weeding 
WR0062,2015-06-21,5.00,E004,C012,,Weeding 
WR0063,2015-06-22,2.00,E001,C002,,brick moving
WR0064,2015-06-22,2.00,E002,C002,,brick moving
WR0065,2015-06-22,2.00,E003,C002,,brick moving
WR0066,2015-06-23,3.50,E001,C012,,weeding
WR0067,2015-06-23,4.50,E002,C012,,weeding
WR0068,2015-06-23,4.50,E004,C012,,weeding
WR0069,2015-06-24,1.00,E001,C001,,
WR0070,2015-06-24,2.00,E001,C012,,
WR0071,2015-06-24,2.00,E002,C012,,
WR0072,2015-06-24,1.00,E004,C004,,
WR0073,2015-06-24,2.00,E004,C012,,
WR0074,2015-06-25,2.00,E001,C003,,mowing
WR0075,2015-06-26,1.00,E001,C009,,
WR0076,2015-06-26,3.00,E001,C001,,
WR0077,2015-06-26,1.00,E004,C009,,
WR0078,2015-06-26,5.50,E004,C001,,
WR0079,2015-06-27,1.50,E003,C007,,Gardening
WR0080,2015-06-27,1.50,E004,C007,,Gardening
WR0081,2015-06-29,0.50,E003,C001,,
WR0082,2015-06-29,0.50,E004,C001,,
WR0083,2015-06-29,6.00,E004,C013,,
WR0084,2015-06-30,6.00,E004,C007,,Gardening
WR0085,2015-07-01,1.00,E004,C004,,Lawn Mowing
WR0086,2015-07-01,5.00,E004,C013,,Gravel digging
WR0087,2015-07-02,1.00,E004,C001,,Lawn Mowing
WR0088,2015-07-02,5.00,E004,C013,,Gravel digging
WR0089,2015-07-04,1.75,E003,C013,,"Laying down sod, digging pipe"
WR0090,2015-07-04,1.75,E003,C007,,"weeding, pruning"
WR0091,2015-07-04,1.75,E004,C013,,"Laying down sod, digging pipe"
WR0092,2015-07-04,1.75,E004,C007,,"weeding, pruning"
WR0093,2015-07-05,1.50,E003,C007,,"weeding, pruning"
WR0094,2015-07-05,1.50,E004,C007,,"weeding, pruning"
WR0095,2015-07-10,2.50,E003,C001,,
WR0096,2015-07-10,2.50,E003,C004,,
WR0097,2015-07-10,2.50,E004,C001,,
WR0098,2015-07-10,2.50,E004,C004,,
WR0099,2015-07-11,1.50,E001,C009,,mowing lawns
WR0100,2015-07-15,3.50,E002,C012,,padio cleaning
WR0101,2015-07-15,3.50,E004,C012,,padio cleaning
WR0102,2015-07-16,0.75,E002,C001,,Lawn Mowing
WR0103,2015-07-16,0.75,E002,C004,,Lawn Mowing
WR0104,2015-07-16,2.75,E003,C012,,Patio Cleaning
WR0105,2015-07-16,2.75,E004,C012,,Patio Cleaning
WR0106,2015-07-18,0.50,E002,C009,,Lawn Mowing
WR0107,2015-07-18,1.00,E002,C014,,Lawn Mowing
WR0108,2015-07-18,3.58,E002,C015,,Project Planning
WR0109,2015-07-18,3.58,E003,C015,,Project Planning
WR0110,2015-07-18,3.58,E004,C015,,Project Planning
WR0111,2015-07-19,0.75,E001,C016,,Furniture Moving
WR0112,2015-07-19,0.75,E002,C016,,Furniture Moving
WR0113,2015-07-19,2.25,E002,C007,,Gardening
WR0114,2015-07-19,0.75,E003,C016,,Furniture Moving
WR0115,2015-07-19,2.25,E003,C007,,Gardening
WR0116,2015-07-19,0.75,E004,C016,,Furniture Moving
WR0117,2015-07-19,2.25,E004,C007,,Gardening
WR0118,2015-07-23,1.00,E001,C001,,lawn
WR0119,2015-07-24,1.00,E001,C009,,
WR0120,2015-07-24,4.00,E002,C017,,
WR0121,2015-07-24,4.00,E003,C017,,
WR0122,2015-07-24,4.00,E004,C017,,
WR0123,2015-07-25,2.00,E002,C007,,"Yard clean up + sale commission
"
WR0124,2015-07-25,2.00,E003,C007,,"Yard clean up + sale commission
"
WR0125,2015-07-25,2.00,E004,C007,,"Yard clean up + sale commission
"
WR0126,2015-07-26,2.00,E002,C018,,weeding
WR0127,2015-07-26,2.00,E004,C018,,weeding
WR0128,2015-07-27,0.50,E002,C014,,edging
WR0129,2015-07-27,0.50,E004,C014,,edging
WR0130,2015-07-29,1.00,E001,C004,,lawn
WR0131,2015-07-31,1.50,E001,C009,,lawn + edge
WR0132,2015-08-01,3.00,E002,C017,,"Garden modification, tree removal"
WR0133,2015-08-01,3.00,E002,C007,,"Weeding, pruning"
WR0134,2015-08-01,3.00,E003,C017,,"Garden modification, tree removal"
WR0135,2015-08-01,3.00,E003,C007,,"Weeding, pruning"
WR0136,2015-08-01,3.00,E004,C017,,"Garden modification, tree removal"
WR0137,2015-08-01,3.00,E004,C007,,"Weeding, pruning"
WR0138,2015-08-02,3.00,E002,C018,,"weeding, trimming"
WR0139,2015-08-02,3.00,E004,C018,,"weeding, trimming"
WR0140,2015-08-05,1.00,E001,C004,,Lawn Mowing
WR0141,2015-08-05,1.00,E002,C014,,Trimming
WR0142,2015-08-05,2.00,E002,C008,,"Mowing, Weeding"
WR0143,2015-08-05,3.25,E002,C019,,Moving
WR0144,2015-08-05,1.00,E003,C014,,Trimming
WR0145,2015-08-05,2.00,E003,C008,,"Mowing, Weeding"
WR0146,2015-08-05,3.25,E003,C019,,Moving
WR0147,2015-08-05,2.50,E004,C020,,Transportation
WR0148,2015-08-06,2.50,E002,C018,,Garden modification
WR0149,2015-08-06,3.00,E002,C021,,Yard Cleanup
WR0150,2015-08-06,1.25,E003,C009,,Lawn Mowing
WR0151,2015-08-06,3.00,E003,C021,,Yard Cleanup
WR0152,2015-08-06,2.50,E004,C018,,Garden modification
WR0153,2015-08-06,3.00,E004,C021,,Yard Cleanup
WR0154,2015-08-07,1.50,E002,C021,,weeding/pool maintainance
WR0155,2015-08-07,1.50,E004,C021,,weeding/pool maintainance
WR0156,2015-08-08,6.00,E002,C020,,weeding/powerwashing/crack filling 
WR0157,2015-08-08,6.00,E003,C020,,weeding/powerwashing/crack filling 
WR0158,2015-08-08,5.00,E004,C020,,weeding/powerwashing/crack filling 
WR0159,2015-08-09,4.00,E002,C020,,
WR0160,2015-08-09,4.00,E004,C020,,
WR0161,2015-08-11,0.50,E002,C008,,yard modification
WR0162,2015-08-11,0.50,E004,C008,,yard modification
WR0163,2015-08-13,1.50,E002,C014,,triming 
WR0164,2015-08-13,1.50,E004,C014,,triming 
WR0165,2015-08-14,1.50,E002,C014,,polymeric sand laying
WR0166,2015-08-14,2.00,E002,C009,,"Mowing, edging"
WR0167,2015-08-14,2.50,E003,C014,,Trimming
WR0168,2015-08-15,1.50,E004,C014,,polymeric sand laying
WR0169,2015-08-14,2.00,E004,C009,,"Mowing, edging"
WR0170,2015-08-15,2.00,E002,C020,,crack filling 
WR0171,2015-08-15,3.00,E002,C007,,Painting/trimming/weeding
WR0172,2015-08-15,2.00,E003,C020,,crack filling 
WR0173,2015-08-15,3.00,E003,C007,,Painting/trimming/weeding
WR0174,2015-08-15,2.00,E004,C020,,crack filling 
WR0175,2015-08-15,3.00,E004,C007,,Painting/trimming/weeding
WR0176,2015-08-16,5.50,E002,C020,,crack filling 
WR0177,2015-08-16,3.00,E003,C020,,crack filling 
WR0178,2015-08-16,5.50,E004,C020,,crack filling 
WR0179,2015-08-17,0.50,E004,C001,,lawn mowing
WR0180,2015-08-19,3.00,E002,C008,,"Weeding, mowing, pool, watering"
WR0181,2015-08-19,3.00,E004,C008,,"Weeding, mowing, pool, watering"
WR0182,2015-08-20,3.00,E002,C004,,Mowing
WR0183,2015-08-20,3.00,E003,C004,,Mowing
WR0184,2015-08-20,4.00,E004,C020,,"Transportation, logistics"
WR0185,2015-08-21,5.00,E002,C022,,Cleaning moss
WR0186,2015-08-21,5.00,E003,C022,,Cleaning moss
WR0187,2015-08-21,5.00,E004,C022,,Cleaning moss
WR0188,2015-08-22,8.00,E002,C020,,window washing/fascia cleaning 
WR0189,2015-08-22,8.00,E004,C020,,window washing/fascia cleaning 
WR0190,2015-08-23,7.00,E002,C020,,priming/painting/wood filling 
WR0191,2015-08-23,7.00,E004,C020,,priming/painting/wood filling 
WR0192,2015-08-24,6.50,E002,C023,,trimming/gravel+mulch laying/grass removal+patch-ups
WR0193,2015-08-24,6.50,E004,C023,,trimming/gravel+mulch laying/grass removal+patch-ups
WR0194,2015-08-25,4.50,E002,C020,,"Painting, wood filling"
WR0195,2015-08-25,6.00,E002,C023,,"Trimming, sod removal"
WR0196,2015-08-26,6.50,E002,C023,,stone laying/deck installation
WR0197,2015-08-25,4.50,E004,C020,,"Painting, wood filling"
WR0198,2015-08-25,6.00,E004,C023,,"Trimming, sod removal"
WR0199,2015-08-26,6.50,E004,C023,,stone laying/deck installation
WR0200,2015-08-26,2.50,E002,C023,,dirt+sod laying/weed removal
WR0201,2015-08-26,3.00,E002,C014,,tranportation/lawn mowing/patio preparation
WR0202,2015-08-26,2.50,E004,C023,,dirt+sod laying/weed removal
WR0203,2015-08-26,3.00,E004,C014,,tranportation/lawn mowing/patio preparation
WR0204,2015-08-27,1.75,E002,C023,,sod laying
WR0205,2015-08-27,2.00,E002,C008,,lawn mowing/weeding
WR0206,2015-08-27,2.00,E002,C014,,transportation/gravel laying
WR0207,2015-08-27,1.00,E004,C004,,lawn mowing
WR0208,2015-08-27,1.75,E004,C023,,sod laying
WR0209,2015-08-27,2.00,E004,C008,,lawn mowing/weeding
WR0210,2015-08-27,2.00,E004,C014,,transportation/gravel laying
WR0211,2015-08-28,5.00,E002,C014,,patio installation
WR0212,2015-08-28,5.00,E004,C014,,patio installation
WR0213,2015-08-29,2.00,E002,C007,,weeding/trimming
WR0214,2015-08-29,4.00,E002,C024,,lawn mowing/trimming/plant removal/mulch laying
WR0215,2015-08-29,2.00,E004,C007,,weeding/trimming
WR0216,2015-08-29,4.00,E004,C024,,lawn mowing/trimming/plant removal/mulch laying
WR0217,2015-08-30,2.00,E002,C008,,Weeding
WR0218,2015-08-30,2.50,E002,C023,,Laying Sod
WR0219,2015-08-30,3.00,E002,C014,,Patio building
WR0220,2015-08-30,2.00,E003,C008,,Weeding
WR0221,2015-08-30,2.50,E003,C023,,Laying Sod
WR0222,2015-08-30,3.00,E003,C014,,Patio building
WR0223,2015-08-30,2.00,E004,C008,,Weeding
WR0224,2015-08-30,2.50,E004,C023,,Laying Sod
WR0225,2015-08-30,3.00,E004,C014,,Patio building
WR0226,2015-09-01,2.00,E002,C014,,patio expansion
WR0227,2015-09-01,2.00,E004,C014,,patio expansion
WR0228,2016-04-29,1.50,E004,C014,,Lawn Mowing / Weed Whacking / Leaf Blowing
WR0229,2016-05-03,3.00,E002,C024,,Trimming / Mulching / Weeding
WR0230,2016-05-03,3.00,E004,C024,,Trimming / Mulching / Weeding
WR0231,2016-05-05,5.00,E002,C013,,Edging / Laying Soil
WR0232,2016-05-05,5.00,E004,C013,,Edging / Laying Soil
WR0233,2016-05-06,4.00,E002,C013,,Edging / Laying Soil
WR0234,2016-05-06,1.50,E004,C014,,Lawn Mowing / Weed Whacking / Leaf Blowing
WR0235,2016-05-06,4.00,E004,C013,,Edging / Laying Soil
WR0236,2016-05-07,6.00,E003,C018,,Weeding / Removing Plants
WR0237,2016-05-07,6.00,E004,C018,,Weeding / Removing Plants
WR0238,2016-05-09,3.00,E002,C013,,Mulching / Weeding
WR0239,2016-05-09,3.00,E004,C013,,Mulching / Weeding
WR0240,2016-05-10,3.00,E002,C024,,Lawn Mowing / Weeding 
WR0241,2016-05-10,3.00,E004,C024,,Lawn Mowing / Weeding 
WR0242,2016-05-11,5.50,E001,C018,,Raking Gardens / Weeding / Cleaning Yard
WR0243,2016-05-11,5.50,E004,C018,,Raking Gardens / Weeding / Cleaning Yard
WR0244,2016-05-12,6.50,E001,C001,,Wood Splitting 
WR0245,2016-05-12,6.50,E002,C001,,Wood Splitting 
WR0246,2016-05-12,6.50,E004,C001,,Wood Splitting 
WR0247,2016-05-13,1.00,E001,C009,,Lawn Mowing
WR0248,2016-05-13,1.50,E004,C014,,Lawn Mowing / Weed Whacking / Leaf Blowing
WR0249,2016-05-14,2.00,E001,C003,,Tree Planting
WR0250,2016-05-14,3.50,E001,C003,,Garden Weeding / Mulching
WR0251,2016-05-14,2.00,E002,C003,,Tree Planting
WR0252,2016-05-14,3.50,E002,C003,,Garden Weeding / Mulching
WR0253,2016-05-14,2.00,E004,C003,,Tree Planting
WR0254,2016-05-14,3.50,E004,C003,,Garden Weeding / Mulching
WR0255,2016-05-16,1.00,E002,C013,,Building Garden Frame
WR0256,2016-05-16,3.50,E002,C013,,Dismantling Garden Frame
WR0257,2016-05-16,1.00,E004,C013,,Building Garden Frame
WR0258,2016-05-16,3.50,E004,C013,,Dismantling Garden Frame
WR0259,2016-05-17,0.50,E001,C022,,"Wire Digging / Help with Car, BBQ"
WR0260,2016-05-17,1.00,E001,C025,,Lawn Mowing
WR0261,2016-05-17,1.75,E001,C022,,Tree Planting
WR0262,2016-05-17,1.00,E002,C024,,Lawn Mowing
WR0263,2016-05-17,1.75,E002,C022,,"Wire Digging / Help with Car, BBQ"
WR0264,2016-05-18,2.50,E001,C005,,Eavestroughs / Window Washing
WR0265,2016-05-18,1.50,E002,C026,,Edging
WR0266,2016-05-18,2.50,E002,C005,,Eavestroughs / Window Washing
WR0267,2016-05-18,1.50,E004,C026,,Edging
WR0268,2016-05-19,3.00,E001,C012,,Turning Soil / Weeding
WR0269,2016-05-19,3.00,E004,C012,,Turning Soil / Weeding
WR0270,2016-05-19,2.00,E010,C012,,Turning Soil / Weeding
WR0271,2016-05-20,1.00,E002,C001,,Lawn Mowing
WR0272,2016-05-20,1.50,E002,C012,,Moving Stones
WR0273,2016-05-20,3.00,E002,C012,,Turning Soil / Weeding
WR0274,2016-05-20,1.50,E004,C014,,Lawn Mowing / Weed Whacking / Leaf Blowing
WR0275,2016-05-20,1.50,E004,C012,,Moving Stones
WR0276,2016-05-20,3.00,E004,C012,,Turning Soil / Weeding
WR0277,2016-05-20,1.50,E010,C012,,Moving Stones
WR0278,2016-05-20,3.00,E010,C012,,Turning Soil / Weeding
WR0279,2016-05-21,4.50,E002,C012,,Weeding / Removing Plants
WR0280,2016-05-21,4.50,E003,C012,,Weeding / Removing Plants
WR0281,2016-05-23,7.00,E002,C020,,"Moving Funiture / Removing Carpet / Painting Baseboards, Banister"
WR0282,2016-05-23,7.00,E003,C020,,"Moving Funiture / Removing Carpet / Painting Baseboards, Banister"
WR0283,2016-05-23,7.00,E004,C020,,"Moving Funiture / Removing Carpet / Painting Baseboards, Banister"
WR0284,2016-05-24,4.50,E001,C020,,Painting Garage
WR0285,2016-05-24,9.00,E002,C020,,Painting Garage
WR0286,2016-05-24,9.00,E004,C020,,Painting Garage
WR0287,2016-05-25,1.00,E001,C001,,Lawn Mowing
WR0288,2016-05-25,3.50,E002,C020,,Painting Garage
WR0289,2016-05-25,3.50,E004,C020,,Painting Garage
WR0290,2016-05-26,5.00,E001,C001,,Wood Splitting
WR0291,2016-05-26,5.00,E002,C001,,Wood Splitting
WR0292,2016-05-26,5.00,E004,C001,,Wood Splitting
WR0293,2016-05-27,1.00,E001,C009,,Lawn Mowing
WR0294,2016-05-27,2.75,E001,C012,,Edging / Weeding
WR0295,2016-05-27,2.75,E002,C012,,Edging / Weeding
WR0296,2016-05-27,1.50,E004,C014,,Lawn Mowing / Weed Whacking / Leaf Blowing
WR0297,2016-05-27,2.75,E004,C012,,Edging / Weeding
WR0298,2016-05-28,6.00,E001,C026,,Soil Laying 
WR0299,2016-05-28,6.00,E002,C026,,Soil Laying 
WR0300,2016-05-28,1.00,E004,C004,,Raking Grass
WR0301,2016-05-28,6.00,E004,C026,,Soil Laying 
WR0302,2016-05-29,3.50,E001,C012,,Mulching
WR0303,2016-05-29,3.50,E003,C012,,Mulching
WR0304,2016-05-29,3.50,E004,C012,,Mulching
WR0305,2016-05-30,1.00,E001,C027,,Lawn Mowing
WR0306,2016-05-30,1.00,E001,C001,,Lawn Mowing
WR0307,2016-05-30,3.00,E002,C022,,Laying Soil
WR0308,2016-05-30,3.00,E004,C022,,Laying Soil
WR0309,2016-05-31,3.00,E002,C024,,Lawn Mowing / Mould removal
WR0310,2016-05-31,3.00,E004,C024,,Lawn Mowing / Mould removal
WR0311,2016-06-03,1.00,E001,C027,,Lawn Mowing
WR0312,2016-06-03,1.00,E001,C009,,Lawn Mowing
WR0313,2016-06-03,3.75,E001,C028,,Weeding / Yard Cleanup
WR0314,2016-06-03,1.00,E002,C001,,Lawn Mowing
WR0315,2016-06-03,1.50,E004,C014,,Lawn Mowing / Weed Whacking / Leaf Blowing
WR0316,2016-06-03,3.75,E004,C028,,Weeding / Yard Cleanup
WR0317,2016-06-04,1.75,E001,C012,,Mulching
WR0318,2016-06-04,1.00,E002,C001,,Power Washing Deck
WR0319,2016-06-04,1.75,E002,C012,,Mulching
WR0320,2016-06-04,1.75,E004,C012,,Mulching
WR0321,2016-06-06,10.00,E001,C028,,Branch Removal / Mulching / Sod Removal / Edging / Furniture Moving
WR0322,2016-06-06,10.00,E002,C028,,Branch Removal / Mulching / Sod Removal / Edging / Furniture Moving
WR0323,2016-06-06,4.00,E004,C013,,Tree Removal / Mulching / Sod Installation / Leaf Blowing
WR0324,2016-06-07,2.00,E001,C027,,Mulching / Weeding / Edging
WR0325,2016-06-07,2.00,E002,C027,,Mulching / Weeding / Edging
WR0326,2016-06-07,2.00,E004,C027,,Mulching / Weeding / Edging
WR0327,2016-06-08,5.50,E001,C029,,Edging / Mulching
WR0328,2016-06-08,5.50,E002,C029,,Edging / Mulching
WR0329,2016-06-08,5.50,E004,C029,,Edging / Mulching
WR0330,2016-06-10,1.00,E001,C027,,Lawn Mowing
WR0331,2016-06-10,1.00,E001,C009,,Lawn Mowing
WR0332,2016-06-10,1.00,E002,C001,,Lawn Mowing
WR0333,2016-06-10,1.00,E004,C004,,Lawn Mowing
WR0334,2016-06-10,1.50,E004,C014,,Lawn Mowing / Weed Whacking / Leaf Blowing
WR0335,2016-06-11,3.00,E002,C026,,Mulching
WR0336,2016-06-11,3.00,E003,C026,,Mulching
WR0337,2016-06-11,3.00,E004,C026,,Mulching
WR0338,2016-06-13,1.50,E002,C026,,Mulching
WR0339,2016-06-13,1.50,E004,C026,,Mulching
WR0340,2016-06-15,1.00,E004,C004,,Lawn Mowing
WR0341,2016-06-16,2.50,E001,C001,,Eavestrough Cleaning
WR0342,2016-06-16,2.50,E002,C001,,Eavestrough Cleaning
WR0343,2016-06-17,1.00,E001,C027,,Lawn Mowing
WR0344,2016-06-17,1.00,E001,C009,,Lawn Mowing
WR0345,2016-06-17,1.50,E002,C014,,Lawn Mowing / Weed Whacking / Leaf Blowing
WR0346,2016-06-17,1.00,E004,C001,,Lawn Mowing
WR0347,2016-06-18,6.00,E001,C030,,Furniture Staining / Pressure Washing / Furniture Moving / Fence Painting
WR0348,2016-06-18,7.25,E002,C030,,Furniture Staining / Pressure Washing / Furniture Moving / Fence Painting
WR0349,2016-06-18,6.00,E004,C030,,Furniture Staining / Pressure Washing / Furniture Moving / Fence Painting
WR0350,2016-06-19,2.00,E001,C031,,Edging / Weeding / Trimming / Straightening Plant 
WR0351,2016-06-19,2.00,E004,C031,,Edging / Weeding / Trimming / Straightening Plant 
WR0352,2016-06-21,5.00,E001,C032,,Moving
WR0353,2016-06-21,5.00,E002,C032,,Moving
WR0354,2016-06-24,1.00,E001,C027,,Lawn Mowing
WR0355,2016-06-24,1.00,E001,C033,,"Washing Deck, Furniture "
WR0356,2016-06-24,1.00,E001,C009,,Lawn Mowing
WR0357,2016-06-24,6.00,E001,C034,,Weeding / Removing Plants / Planting
WR0358,2016-06-24,1.00,E002,C001,,Lawn Mowing
WR0359,2016-06-24,1.50,E002,C014,,Lawn Mowing / Weed Whacking / Leaf Blowing
WR0360,2016-06-24,2.50,E002,C034,,Weeding / Removing Plants / Planting
WR0361,2016-06-24,3.00,E002,C024,,Lawn Mowing / Mulching
WR0362,2016-06-24,1.00,E004,C033,,"Washing Deck, Furniture "
WR0363,2016-06-24,7.00,E004,C034,,Weeding / Removing Plants / Planting
WR0364,2016-06-24,1.00,E012,C033,,"Washing Deck, Furniture "
WR0365,2016-06-24,3.50,E012,C034,,Weeding / Removing Plants / Planting
WR0366,2016-06-25,5.00,E001,C033,,Pressure Washing / Leaf Blowing
WR0367,2016-06-25,1.00,E002,C033,,Pressure Washing / Leaf Blowing
WR0368,2016-06-25,3.00,E004,C034,,Weeding / Removing Plants / Planting
WR0369,2016-06-28,2.50,E001,C035,,Moving / Mulch Turning 
WR0370,2016-06-28,4.00,E002,C035,,Moving / Mulch Turning 
WR0371,2016-06-28,4.00,E004,C035,,Moving / Mulch Turning 
WR0372,2016-06-29,6.75,E001,C036,,"Moving / Shovelling Gravel, Dirt"
WR0373,2016-06-29,6.75,E004,C036,,"Moving / Shovelling Gravel, Dirt"
WR0374,2016-06-30,6.00,E001,C036,,Removing Sod / Levelling Ground
WR0375,2016-06-30,3.00,E002,C037,,Hedge Trimming
WR0376,2016-06-30,6.00,E004,C036,,Removing Sod / Levelling Ground
WR0377,2016-07-01,1.00,E001,C027,,Lawn Mowing
WR0378,2016-07-02,1.00,E001,C037,,Lawn Mowing
WR0379,2016-07-03,1.00,E001,C009,,Lawn Mowing
WR0380,2016-07-04,4.00,E001,C038,,Edging / Weeding
WR0381,2016-07-04,4.00,E002,C038,,Edging / Weeding
WR0382,2016-07-04,4.00,E004,C038,,Edging / Weeding
WR0383,2016-07-05,1.00,E001,C024,,Lawn Mowing
WR0384,2016-07-05,4.00,E002,C036,,Levelling Ground / Moving Stones
WR0385,2016-07-05,4.00,E004,C036,,Levelling Ground / Moving Stones
WR0386,2016-07-06,6.00,E001,C036,,Mulching / Soil Laying / Boulder Moving
WR0387,2016-07-06,6.00,E002,C036,,Mulching / Soil Laying / Boulder Moving
WR0388,2016-07-08,1.00,E001,C027,,Lawn Mowing
WR0389,2016-07-08,1.00,E002,C009,,Lawn Mowing
WR0390,2016-07-09,6.00,E002,C034,,Weeding / Removing Plants
WR0391,2016-07-09,6.00,E004,C034,,Weeding / Removing Plants
WR0392,2016-07-09,6.00,E011,C034,,Weeding / Removing Plants
WR0393,2016-07-10,3.50,E001,C023,,Mulching / Trimming
WR0394,2016-07-10,1.00,E002,C037,,Lawn Mowing
WR0395,2016-07-10,3.50,E002,C023,,Mulching / Trimming
WR0396,2016-07-10,7.00,E004,C023,,Mulching / Trimming
WR0397,2016-07-11,1.25,E001,C033,,Hose Down Patio
WR0398,2016-07-11,6.00,E002,C023,,Tree Trimming
WR0399,2016-07-11,6.00,E004,C023,,Tree Trimming
WR0400,2016-07-12,1.00,E002,C039,,Eavestrough Cleaning
WR0401,2016-07-12,1.00,E004,C039,,Eavestrough Cleaning
WR0402,2016-07-12,1.00,E012,C039,,Eavestrough Cleaning
WR0403,2016-07-13,6.75,E002,C023,,Mulching / Trimming
WR0404,2016-07-13,6.75,E004,C023,,Mulching / Trimming
WR0405,2016-07-15,1.00,E001,C027,,Lawn Mowing
WR0406,2016-07-15,1.00,E001,C009,,Lawn Mowing
WR0407,2016-07-15,1.00,E002,C024,,Lawn Mowing
WR0408,2016-07-15,1.00,E002,C001,,Lawn Mowing
WR0409,2016-07-15,1.50,E004,C014,,Lawn Mowing
WR0410,2016-07-16,3.50,E003,C034,,Weeding
WR0411,2016-07-16,4.00,E004,C034,,Weeding
WR0412,2016-07-21,3.30,E001,C036,,Yard Maintenance
WR0413,2016-07-21,11.00,E002,C040,,Watering Plants
WR0414,2016-07-21,3.30,E004,C036,,Yard Maintenance
WR0415,2016-07-22,1.00,E001,C009,,Lawn Mowing
WR0416,2016-07-23,1.00,E001,C027,,Lawn Mowing
WR0417,2016-07-23,2.00,E002,C024,,Weeding
WR0418,2016-07-23,2.00,E003,C024,,Weeding
WR0419,2016-07-25,1.25,E001,C033,,Yard Maintenance
WR0420,2016-07-25,5.00,E002,C023,,Branch Trimming
WR0421,2016-07-25,5.00,E011,C023,,Branch Trimming
WR0422,2016-07-27,2.50,E002,C024,,Weeding/Seeding
WR0423,2016-07-27,2.50,E004,C024,,Weeding/Seeding
WR0424,2016-07-28,5.50,E002,C034,,Landscape Fabric Installation
WR0425,2016-07-28,5.50,E004,C034,,Landscape Fabric Installation
WR0426,2016-07-29,1.00,E001,C027,,Lawn Mowing
WR0427,2016-07-29,1.00,E001,C009,,Lawn Mowing
WR0428,2016-07-29,1.00,E002,C024,,Lawn Mowing 
WR0429,2016-07-29,1.00,E002,C037,,Lawn Mowing 
WR0430,2016-07-29,1.25,E002,C033,,Yard Maintenance
WR0431,2016-07-29,1.00,E004,C001,,Lawn Mowing
WR0432,2016-07-29,2.50,E004,C014,,Lawn Mowing / Trimming
WR0433,2016-07-30,7.50,E002,C034,,Landscape Fabric Installation
WR0434,2016-07-30,7.50,E004,C034,,Landscape Fabric Installation
WR0435,2016-07-31,3.00,E001,C023,,Tree Trimming
WR0436,2016-08-01,7.50,E002,C023,,weeding/mulch laying/grass removal
WR0437,2016-08-02,7.50,E004,C023,,weeding/mulch laying/grass removal
WR0438,2016-07-31,3.00,E011,C023,,Tree Trimming
WR0439,2016-08-01,3.50,E001,C034,,Mulching
WR0440,2016-08-01,3.50,E004,C034,,Mulching
WR0441,2016-08-01,3.50,E011,C034,,Mulching
WR0442,2016-08-02,3.50,E001,C038,,
WR0443,2016-08-02,3.50,E002,C038,,
WR0444,2016-08-02,6.50,E004,C034,,Levelling Ground / Mulching
WR0445,2016-08-02,6.50,E011,C034,,Levelling Ground / Mulching
WR0446,2016-08-02,1.50,E012,C033,,General Property Maintenance
WR0447,2016-08-03,4.50,E002,C034,,"Fabric Installation / Stone, Gravel Laying"
WR0448,2016-08-03,4.50,E004,C034,,"Fabric Installation / Stone, Gravel Laying"
WR0449,2016-08-03,4.50,E011,C034,,"Fabric Installation / Stone, Gravel Laying"
WR0450,2016-08-04,0.50,E004,C034,,Cleanup
WR0451,2016-08-05,1.00,E001,C027,,Lawn Mowing
WR0452,2016-08-05,1.00,E002,C024,,Lawn Mowing
WR0453,2016-08-05,1.00,E002,C037,,Lawn Mowing
WR0454,2016-08-05,0.75,E004,C014,,Weed Whacking / Leaf Blowing
WR0455,2016-08-06,2.00,E011,C041,,Lawn Mowing
WR0456,2016-08-07,6.25,E001,C037,,Garden Bed Expansion Project
WR0457,2016-08-07,6.25,E011,C037,,Garden Bed Expansion Project
WR0458,2016-08-08,3.00,E001,C037,,Garden Bed Expansion Project
WR0459,2016-08-08,6.50,E002,C037,,Garden Bed Expansion Project
WR0460,2016-08-08,6.50,E011,C037,,Garden Bed Expansion Project
WR0461,2016-08-09,4.50,E001,C042,,Garden Maintenance
WR0462,2016-08-09,4.50,E002,C042,,Garden Maintenance
WR0463,2016-08-10,2.50,E001,C038,,Yard Maintenance
WR0464,2016-08-10,2.50,E012,C038,,Yard Maintenance
WR0465,2016-08-12,1.00,E001,C027,,Lawn Maintenance
WR0466,2016-08-12,1.00,E001,C009,,Lawn Maintenance
WR0467,2016-08-12,1.00,E001,C037,,Lawn Maintenance
WR0468,2016-08-12,1.00,E002,C024,,Lawn Maintenance
WR0469,2016-08-12,1.25,E012,C033,,Yard Maintenance
WR0470,2016-08-17,5.50,E002,C043,,Trench Excavation
WR0471,2016-08-17,5.50,E004,C043,,Trench Excavation
WR0472,2016-08-17,5.50,E011,C043,,Trench Excavation
WR0473,2016-08-18,5.50,E002,C043,,"Insullation Installation / Trench Refilling / Stone Wall Deconstruction, Straightening"
WR0474,2016-08-18,5.50,E004,C043,,"Insullation Installation / Trench Refilling / Stone Wall Deconstruction, Straightening"
WR0475,2016-08-19,1.00,E001,C009,,Lawn Mowing
WR0476,2016-08-19,1.00,E001,C027,,Lawn Mowing
WR0477,2016-08-19,2.00,E001,C022,,Roof Repair
WR0478,2016-08-19,1.00,E004,C037,,Lawn Mowing
WR0479,2016-08-19,1.00,E004,C024,,Lawn Mowing
WR0480,2016-08-19,1.50,E004,C014,,Lawn Mowing
WR0481,2016-08-22,3.00,E001,C042,,Weeding
WR0482,2016-08-22,6.00,E002,C043,,Staircase Building
WR0483,2016-08-22,6.00,E004,C043,,Staircase Building
WR0484,2016-08-23,9.50,E001,C032,,Moving
WR0485,2016-08-23,7.00,E002,C043,,Staircase Building
WR0486,2016-08-23,7.00,E004,C043,,Staircase Building
WR0487,2016-08-26,1.00,E001,C009,,Lawn Mowing
WR0488,2016-08-26,1.00,E001,C027,,Lawn Mowing
WR0489,2016-08-26,1.00,E002,C024,,Lawn Mowing
WR0490,2016-08-26,1.00,E004,C001,,Lawn Mowing
WR0491,2016-08-26,1.50,E004,C014,,Lawn Mowing
WR0492,2016-08-27,1.00,E004,C037,,Lawn Mowing
WR0493,2016-08-27,10.00,E004,C027,,Weeding / Weed Whacking / Edging
WR0494,2016-09-02,5.00,E002,C035,,Moving
WR0495,2016-09-02,1.50,E004,C014,,Lawn Maintenance
WR0496,2016-09-02,5.00,E004,C035,,Moving
WR0497,2016-09-03,9.00,E002,C040,,
WR0498,2017-04-28,1.00,E002,C014,,Lawn Mowing / Trimming / Leaf Blowing
WR0499,2017-04-28,8.33,E002,C022,,Yard Cleanup
WR0500,2017-05-03,3.00,E002,C044,,Yard Cleanup
WR0501,2017-05-03,1.00,E006,C041,,Lawn Mowing / Trimming
WR0502,2017-05-03,4.00,E006,C044,,Yard Cleanup
WR0503,2017-05-04,2.00,E002,C044,,Yard Cleanup
WR0504,2017-05-07,2.00,E003,C014,,Lawn Mowing / Trimming / Leaf Blowing
WR0505,2017-05-08,5.00,E001,C045,,Yard Cleanup 
WR0506,2017-05-08,5.00,E002,C045,,Yard Cleanup 
WR0507,2017-05-08,1.00,E006,C027,,Lawn Mowing / Trimming / Leaf Blowing
WR0508,2017-05-08,3.50,E006,C045,,Yard Cleanup 
WR0509,2017-05-09,1.50,E001,C044,,Leaf cleanup 
WR0510,2017-05-09,2.25,E001,C046,,Mulching 
WR0511,2017-05-09,1.50,E002,C044,,Leaf cleanup 
WR0512,2017-05-09,2.25,E002,C046,,Mulching 
WR0513,2017-05-09,2.25,E006,C046,,Mulching 
WR0514,2017-05-09,1.50,E007,C044,,Leaf cleanup 
WR0515,2017-05-09,2.25,E007,C046,,Mulching 
WR0516,2017-05-10,5.50,E001,C047,,Yard Cleanup (main)
WR0517,2017-05-10,5.50,E002,C047,,Yard Cleanup (main)
WR0518,2017-05-10,2.50,E006,C047,,Yard Cleanup (main)
WR0519,2017-05-11,1.00,E001,C048,,Lawn Mowing 
WR0520,2017-05-11,1.00,E001,C049,,Lawn Mowing 
WR0521,2017-05-11,5.00,E002,C038,,Leaf Cleanup 
WR0522,2017-05-11,1.00,E007,C037,,Lawn Mowing 
WR0523,2017-05-11,1.00,E007,C014,,Lawn Mowing 
WR0524,2017-05-11,5.00,E007,C038,,Leaf Cleanup 
WR0525,2017-05-12,1.00,E001,C001,,Lawn Mowing 
WR0526,2017-05-12,3.50,E001,C043,,Mulching
WR0527,2017-05-12,3.50,E002,C043,,Mulching
WR0528,2017-05-12,3.50,E004,C043,,Mulching
WR0529,2017-05-14,2.00,E002,C050,,Garden Maintenance
WR0530,2017-05-14,2.00,E003,C050,,Garden Maintenance
WR0531,2017-05-15,0.50,E001,C004,,Transportation
WR0532,2017-05-15,1.00,E001,C012,,Weeding
WR0533,2017-05-15,2.00,E001,C004,,Aeration
WR0534,2017-05-15,7.00,E001,C001,,Deck Staining
WR0535,2017-05-15,0.50,E002,C004,,Transportation
WR0536,2017-05-15,1.00,E002,C012,,Weeding
WR0537,2017-05-15,8.00,E002,C001,,Deck Staining
WR0538,2017-05-16,4.00,E001,C046,,Mulching
WR0539,2017-05-16,6.00,E001,C004,,Yard Cleanup
WR0540,2017-05-16,4.00,E002,C046,,Mulching
WR0541,2017-05-16,4.50,E002,C004,,Yard Cleanup
WR0542,2017-05-16,3.00,E006,C046,,Mulching
WR0543,2017-05-16,3.00,E006,C004,,Yard Cleanup
WR0544,2017-05-17,3.00,E001,C041,,Yard Cleanup
WR0545,2017-05-17,4.00,E001,C012,,Weeding / Mulching
WR0546,2017-05-17,1.00,E002,C022,,Lawn Mowing
WR0547,2017-05-17,3.00,E002,C041,,Yard Cleanup
WR0548,2017-05-17,3.00,E002,C012,,Weeding / Mulching
WR0549,2017-05-17,3.00,E008,C041,,Yard Cleanup
WR0550,2017-05-17,3.00,E008,C012,,Weeding / Mulching
WR0551,2017-05-18,1.00,E001,C048,,Lawn Mowing
WR0552,2017-05-18,1.00,E001,C049,,Lawn Mowing
WR0553,2017-05-18,1.00,E001,C027,,Lawn Mowing
WR0554,2017-05-18,1.00,E001,C051,,Lawn Mowing
WR0555,2017-05-18,1.00,E001,C001,,Deck Staining
WR0556,2017-05-18,2.00,E001,C047,,Lawn Mowing (Rental)
WR0557,2017-05-18,1.00,E002,C037,,Lawn Mowing
WR0558,2017-05-18,1.00,E002,C014,,Lawn Mowing
WR0559,2017-05-18,1.00,E002,C001,,Lawn Mowing
WR0560,2017-05-18,1.00,E002,C052,,Lawn Mowing
WR0561,2017-05-18,1.00,E002,C053,,Lawn Mowing
WR0562,2017-05-18,2.00,E002,C047,,Lawn Mowing (Rental)
WR0563,2017-05-19,0.50,E001,C047,,Yard Cleanup (rental)
WR0564,2017-05-19,6.00,E001,C047,,Yard Cleanup (main)
WR0565,2017-05-19,0.50,E002,C047,,Yard Cleanup (rental)
WR0566,2017-05-19,2.00,E002,C047,,Yard Cleanup (main)
WR0567,2017-05-19,2.00,E008,C047,,Yard Cleanup (main)
WR0568,2017-05-19,6.00,E008,C047,,Yard Cleanup (rental)
WR0569,2017-05-20,3.00,E001,C004,,Mulching / Weeding
WR0570,2017-05-20,1.00,E004,C004,,Lawn Mowing
WR0571,2017-05-20,2.00,E004,C004,,Mulching / Weeding
WR0572,2017-05-23,1.50,E001,C012,,Mulching / Weeding
WR0573,2017-05-23,1.50,E002,C012,,Mulching / Weeding
WR0574,2017-05-23,1.50,E007,C012,,Mulching / Weeding
WR0575,2017-05-24,6.50,E001,C053,,Mulching / Weeding / Edging
WR0576,2017-05-24,6.00,E002,C053,,Mulching / Weeding / Edging
WR0577,2017-05-24,7.00,E008,C053,,Mulching / Weeding / Edging
WR0578,2017-05-25,1.00,E001,C004,,Mulching / Weeding
WR0579,2017-05-25,2.00,E002,C004,,Mulching / Weeding
WR0580,2017-05-25,2.00,E007,C004,,Mulching / Weeding
WR0581,2017-05-25,2.00,E008,C004,,Mulching / Weeding
WR0582,2017-05-26,1.00,E001,C027,,Lawn Mowing
WR0583,2017-05-26,7.50,E001,C013,,Overseeding
WR0584,2017-05-26,7.50,E002,C013,,Overseeding
WR0585,2017-05-26,1.00,E008,C052,,Lawn Mowing
WR0586,2017-05-26,1.00,E008,C037,,Lawn Mowing
WR0587,2017-05-26,3.50,E008,C013,,Overseeding
WR0588,2017-05-27,1.00,E001,C048,,Lawn Mowing 
WR0589,2017-05-27,2.00,E001,C047,,Lawn Mowing (Rental)
WR0590,2017-05-27,3.00,E001,C004,,Mulching / Overseeding
WR0591,2017-05-27,1.00,E002,C022,,Lawn Mowing
WR0592,2017-05-27,1.00,E002,C047,,Lawn Mowing (Rental)
WR0593,2017-05-27,1.00,E002,C047,,Trimming
WR0594,2017-05-27,3.00,E002,C004,,Mulching / Overseeding
WR0595,2017-05-27,1.00,E003,C051,,Lawn Mowing
WR0596,2017-05-27,1.00,E003,C047,,Lawn Mowing (Rental)
WR0597,2017-05-27,1.00,E003,C047,,Trimming
WR0598,2017-05-27,3.00,E003,C004,,Mulching / Overseeding
WR0599,2017-05-27,1.00,E004,C014,,Lawn Mowing / Trimming / Leaf Blowing
WR0600,2017-05-27,1.00,E004,C001,,Lawn Mowing
WR0601,2017-05-27,1.00,E004,C001,,Deck Cleanup
WR0602,2017-05-27,3.00,E004,C004,,Mulching / Overseeding
WR0603,2017-05-28,1.00,E002,C050,,Biweekly Garden Maintenance
WR0604,2017-05-28,1.00,E003,C050,,Biweekly Garden Maintenance
WR0605,2017-05-29,1.00,E001,C004,,Mulching
WR0606,2017-05-29,1.00,E002,C004,,Mulching
WR0607,2017-05-29,3.50,E002,C054,,Sod Removal
WR0608,2017-05-29,4.00,E008,C054,,Sod Removal
WR0609,2017-05-31,1.00,E001,C048,,Lawn Mowing
WR0610,2017-05-31,1.00,E002,C055,,Lawn Mowing
WR0611,2017-06-01,1.00,E001,C027,,Lawn Mowing
WR0612,2017-06-01,1.00,E001,C053,,Lawn Mowing
WR0613,2017-06-01,1.00,E001,C049,,Lawn Mowing
WR0614,2017-06-01,1.00,E001,C051,,Lawn Mowing
WR0615,2017-06-01,1.00,E002,C052,,Lawn Mowing
WR0616,2017-06-01,1.00,E002,C056,,Lawn Mowing
WR0617,2017-06-01,1.00,E002,C014,,Lawn Mowing
WR0618,2017-06-01,1.00,E002,C001,,Lawn Mowing
WR0619,2017-06-02,2.00,E001,C047,,Lawn Mowing
WR0620,2017-06-02,2.25,E001,C012,,Mulching
WR0621,2017-06-02,2.00,E002,C047,,Lawn Mowing
WR0622,2017-06-02,2.25,E002,C012,,Mulching
WR0623,2017-06-02,2.25,E008,C012,,Mulching
WR0624,2017-06-03,7.00,E003,C057,,Lawn Mowing / Trimming / Edging
WR0625,2017-06-06,5.00,E002,C013,,Power Washing
WR0626,2017-06-06,1.00,E008,C041,,Lawn Mowing
WR0627,2017-06-06,5.00,E008,C013,,Power Washing
WR0628,2017-06-07,5.50,E002,C058,,Sod Laying / Gravel Removal
WR0629,2017-06-07,5.50,E008,C058,,Sod Laying / Gravel Removal
WR0630,2017-06-08,1.00,E001,C048,,Lawn Mowing
WR0631,2017-06-08,1.00,E001,C027,,Lawn Mowing
WR0632,2017-06-08,1.00,E001,C051,,Lawn Mowing
WR0633,2017-06-08,1.00,E001,C049,,Lawn Mowing
WR0634,2017-06-08,1.00,E002,C053,,Lawn Mowing
WR0635,2017-06-08,1.00,E002,C052,,Lawn Mowing
WR0636,2017-06-08,1.00,E002,C037,,Lawn Mowing
WR0637,2017-06-08,1.00,E002,C056,,Lawn Mowing
WR0638,2017-06-09,1.00,E002,C057,,Aeration
WR0639,2017-06-10,4.75,E001,C057,,Seeding and Topsoil
WR0640,2017-06-10,4.75,E002,C057,,Seeding and Topsoil
WR0641,2017-06-10,4.75,E003,C057,,Seeding and Topsoil
WR0642,2017-06-11,3.00,E001,C047,,Lawn Mowing
WR0643,2017-06-11,1.00,E008,C050,,Biweekly Garden Maintenance
WR0644,2017-06-11,1.50,E008,C014,,Lawn Mowing
WR0645,2017-06-11,3.00,E008,C047,,Lawn Mowing
WR0646,2017-06-12,1.00,E001,C050,,Weeding
WR0647,2017-06-12,4.75,E001,C043,,Painting Trim at back of house with wood stain
WR0648,2017-06-12,2.75,E002,C043,,Painting Trim at back of house with wood stain
WR0649,2017-06-12,3.50,E008,C013,,Power Washing
WR0650,2017-06-12,3.75,E008,C043,,Painting Trim at back of house with wood stain
WR0651,2017-06-13,8.00,E002,C043,,Paint Removal
WR0652,2017-06-13,8.00,E008,C043,,Paint Removal
WR0653,2017-06-14,6.50,E001,C043,,Paint Removal / Painting
WR0654,2017-06-14,6.50,E002,C043,,Paint Removal / Painting
WR0655,2017-06-14,1.00,E008,C052,,Lawn Mowing
WR0656,2017-06-14,1.00,E008,C056,,Lawn Mowing
WR0657,2017-06-14,4.00,E008,C059,,Lawn Mowing
WR0658,2017-06-15,1.00,E001,C043,,Radiator Painting
WR0659,2017-06-15,4.00,E001,C056,,Weeding / Edging / Mulching / Pond cleaning
WR0660,2017-06-15,1.00,E002,C056,,Weeding / Edging / Mulching / Pond cleaning
WR0661,2017-06-15,4.50,E002,C043,,Radiator Painting
WR0662,2017-06-15,1.00,E008,C053,,Lawn Mowing
WR0663,2017-06-15,1.00,E008,C001,,Lawn mowing
WR0664,2017-06-15,1.00,E008,C051,,Lawn Mowing
WR0665,2017-06-16,1.00,E001,C027,,Lawn Mowing
WR0666,2017-06-16,1.00,E001,C060,,Lawn Mowing
WR0667,2017-06-16,5.50,E001,C043,,Radiator Painting
WR0668,2017-06-16,4.00,E002,C043,,Radiator Painting
WR0669,2017-06-16,4.00,E008,C003,,Lawn Mowing / Pool Cleaning
WR0670,2017-06-16,4.00,E008,C043,,Radiator Painting
WR0671,2017-06-17,1.00,E001,C047,,Lawn Mowing
WR0672,2017-06-17,0.50,E002,C047,,Trimming (pruning)
WR0673,2017-06-17,1.00,E002,C057,,Weekly Maintainance
WR0674,2017-06-17,1.00,E002,C047,,Lawn Mowing
WR0675,2017-06-17,6.00,E003,C057,,Weekly Maintainance
WR0676,2017-06-17,0.50,E008,C047,,Trimming (pruning)
WR0677,2017-06-17,1.00,E008,C047,,Lawn Mowing
WR0678,2017-06-18,1.00,E008,C049,,Lawn Mowing
WR0679,2017-06-18,1.00,E008,C014,,Lawn Mowing
WR0680,2017-06-19,5.25,E001,C056,,Weeding / Edging / Soil Laying / Clay Pot Removal
WR0681,2017-06-19,5.25,E002,C056,,Weeding / Edging / Soil Laying / Clay Pot Removal
WR0682,2017-06-19,1.00,E008,C059,,Lawn Mowing
WR0683,2017-06-20,1.00,E001,C061,,Edging Project
WR0684,2017-06-20,1.00,E001,C056,,Rock Removal
WR0685,2017-06-20,1.00,E002,C061,,Edging Project
WR0686,2017-06-20,1.00,E002,C056,,Rock Removal
WR0687,2017-06-20,1.00,E008,C056,,Lawn Mowing
WR0688,2017-06-20,1.00,E008,C052,,Lawn Mowing
WR0689,2017-06-20,1.00,E008,C060,,Lawn Mowing
WR0690,2017-06-21,3.50,E001,C034,,Weeding
WR0691,2017-06-21,3.50,E002,C034,,Weeding
WR0692,2017-06-21,3.50,E008,C034,,Weeding
WR0693,2017-06-22,2.50,E001,C053,,Eavestrough Cleaning
WR0694,2017-06-22,2.50,E002,C053,,Eavestrough Cleaning
WR0695,2017-06-22,1.00,E008,C037,,Lawn Mowing
WR0696,2017-06-22,1.00,E008,C001,,Lawn Mowing
WR0697,2017-06-22,1.00,E008,C009,,Lawn Mowing
WR0698,2017-06-22,2.00,E008,C003,,Lawn Mowing
WR0699,2017-06-23,4.00,E001,C027,,Weeding/Edging/Mulching
WR0700,2017-06-23,4.00,E002,C027,,Weeding/Edging/Mulching
WR0701,2017-06-23,3.25,E008,C027,,Weeding/Edging/Mulching
WR0702,2017-06-24,1.00,E001,C003,,Pool Cleaning
WR0703,2017-06-24,1.00,E008,C027,,Lawn Mowing
WR0704,2017-06-24,1.00,E008,C014,,Lawn Mowing
WR0705,2017-06-24,1.00,E008,C004,,Lawn Mowing
WR0706,2017-06-25,1.00,E003,C057,,Lawn Mowing
WR0707,2017-06-25,5.50,E003,C057,,Weekly Maintainance
WR0708,2017-06-25,2.50,E004,C050,,Biweekly Garden Maintenance
WR0709,2017-06-25,1.00,E008,C057,,Lawn Mowing
WR0710,2017-06-25,2.50,E008,C050,,Biweekly Garden Maintenance
WR0711,2017-06-26,4.00,E001,C047,,Lawn Mowing
WR0712,2017-06-26,4.00,E002,C013,,Driveway Power Washing / Polymeric Sand Application
WR0713,2017-06-26,3.50,E008,C057,,Power Washing Rocks
WR0714,2017-06-27,2.50,E001,C034,,Weeding
WR0715,2017-06-27,4.00,E002,C057,,Power Washing
WR0716,2017-06-27,1.00,E008,C052,,Lawn Mowing
WR0717,2017-06-27,1.00,E008,C056,,Lawn Mowing
WR0718,2017-06-27,1.00,E008,C040,,Lawn Mowing
WR0719,2017-06-27,2.00,E008,C059,,Lawn Mowing
WR0720,2017-06-28,1.00,E001,C009,,Lawn Mowing
WR0721,2017-06-28,1.00,E001,C051,,Lawn Mowing
WR0722,2017-06-28,2.00,E001,C062,,"Sod Removal, Disposal, Replacement"
WR0723,2017-06-28,3.00,E002,C062,,"Sod Removal, Disposal, Replacement"
WR0724,2017-06-28,2.00,E008,C003,,Lawn Mowing
WR0725,2017-06-29,0.50,E002,C034,,Edging/Pruning
WR0726,2017-06-29,1.00,E008,C037,,Lawn Mowing
WR0727,2017-06-29,2.00,E008,C003,,Lawn Mowing
WR0728,2017-06-29,2.50,E008,C034,,Edging/Pruning
WR0729,2017-06-30,1.00,E001,C053,,Lawn Mowing
WR0730,2017-06-30,1.50,E001,C057,,Lawn Mowing
WR0731,2017-06-30,1.00,E002,C004,,Lawn Mowing
WR0732,2017-06-30,1.00,E002,C001,,Lawn Mowing
WR0733,2017-06-30,1.00,E008,C049,,Lawn Mowing
WR0734,2017-06-30,1.00,E008,C014,,Lawn Mowing
WR0735,2017-06-30,1.00,E008,C027,,Lawn Mowing
WR0736,2017-07-04,4.25,E001,C037,,Eavestrough Cleaning
WR0737,2017-07-04,1.50,E002,C040,,Weekly Flower Watering: June 20-July 4
WR0738,2017-07-04,1.50,E002,C040,,Bidaily Lawn Watering: June 20-July 4
WR0739,2017-07-04,9.00,E002,C043,,Driveway Power Washing / Crack Filling / Sealing
WR0740,2017-07-04,1.00,E008,C060,,Lawn Mowing
WR0741,2017-07-04,1.00,E008,C056,,Lawn Mowing
WR0742,2017-07-04,1.00,E008,C040,,Lawn Mowing
WR0743,2017-07-04,1.00,E008,C052,,Lawn Mowing
WR0744,2017-07-04,2.50,E008,C059,,Lawn Mowing
WR0745,2017-07-05,4.50,E001,C037,,Eavestrough Cleaning 
WR0746,2017-07-05,1.50,E002,C037,,Eavestrough Cleaning 
WR0747,2017-07-05,1.00,E008,C027,,Lawn Mowing
WR0748,2017-07-05,1.00,E008,C051,,Lawn Mowing
WR0749,2017-07-05,1.00,E008,C009,,Lawn Mowing
WR0750,2017-07-05,1.50,E008,C041,,Lawn Mowing
WR0751,2017-07-06,1.00,E001,C047,,Lawn Mowing
WR0752,2017-07-06,1.00,E001,C001,,Outdoor Trim Painting
WR0753,2017-07-06,1.00,E002,C001,,Lawn Mowing
WR0754,2017-07-06,1.00,E002,C049,,Lawn Mowing
WR0755,2017-07-06,1.00,E002,C001,,Outdoor Trim Painting
WR0756,2017-07-06,1.00,E008,C053,,Lawn Mowing
WR0757,2017-07-06,1.00,E008,C053,,Soil Moving
WR0758,2017-07-06,1.00,E008,C014,,Lawn Mowing
WR0759,2017-07-06,1.00,E008,C037,,Lawn Mowing
WR0760,2017-07-06,1.00,E008,C004,,Lawn Mowing
WR0761,2017-07-06,1.00,E008,C063,,Lawn Mowing
WR0762,2017-07-06,2.00,E008,C047,,Lawn Mowing
WR0763,2017-07-06,2.00,E008,C003,,Lawn Mowing
WR0764,2017-07-07,1.00,E001,C001,,Outdoor Trim Painting
WR0765,2017-07-07,1.50,E001,C057,,Lawn Mowing
WR0766,2017-07-07,1.00,E002,C001,,Outdoor Trim Painting
WR0767,2017-07-08,2.00,E001,C057,,"Trimming, Edging, etc."
WR0768,2017-07-08,2.00,E003,C057,,"Trimming, Edging, etc."
WR0769,2017-07-09,1.00,E002,C050,,Biweekly Garden Maintenance
WR0770,2017-07-09,1.00,E003,C050,,Biweekly Garden Maintenance
WR0771,2017-07-10,4.50,E001,C001,,Trim Painting
WR0772,2017-07-10,4.50,E002,C001,,Trim Painting
WR0773,2017-07-10,2.50,E008,C059,,Lawn Mowing
WR0774,2017-07-10,3.00,E008,C047,,Lawn Mowing
WR0775,2017-07-13,1.25,E001,C064,,Edging/Mulching
WR0776,2017-07-13,1.25,E002,C064,,Edging/Mulching
WR0777,2017-07-13,1.00,E008,C051,,Lawn Mowing 
WR0778,2017-07-13,1.00,E008,C027,,Lawn Mowing 
WR0779,2017-07-13,1.00,E008,C037,,Lawn Mowing 
WR0780,2017-07-13,1.00,E008,C064,,Edging/Mulching
WR0781,2017-07-14,2.00,E001,C038,,Weeding
WR0782,2017-07-14,6.00,E001,C057,,Weeding / Mulching / Stump Removal
WR0783,2017-07-14,4.00,E002,C038,,Weeding
WR0784,2017-07-14,1.00,E008,C060,,Lawn Mowing 
WR0785,2017-07-14,1.00,E008,C049,,Lawn Mowing 
WR0786,2017-07-14,1.00,E008,C009,,Lawn Mowing 
WR0787,2017-07-14,4.50,E008,C057,,Weeding / Mulching / Stump Removal
WR0788,2017-07-15,1.75,E002,C057,,Trimming / Mulching / Stump Removal
WR0789,2017-07-15,2.75,E003,C057,,Trimming / Mulching / Stump Removal
WR0790,2017-07-15,2.75,E004,C057,,Trimming / Mulching / Stump Removal
WR0791,2017-07-15,1.00,E008,C001,,Lawn Mowing
WR0792,2017-07-15,1.00,E008,C004,,Lawn Mowing
WR0793,2017-07-15,1.00,E008,C014,,Lawn Mowing
WR0794,2017-07-15,1.50,E008,C057,,Lawn Mowing / Overseeding
WR0795,2017-07-17,6.00,E001,C065,,Weeding / Tree Removal
WR0796,2017-07-17,6.00,E002,C065,,Weeding / Tree Removal
WR0797,2017-07-17,1.00,E008,C037,,Lawn Mowing
WR0798,2017-07-17,1.00,E008,C003,,Lawn Mowing
WR0799,2017-07-18,8.00,E001,C065,,Weeding / Tree Removal
WR0800,2017-07-18,8.00,E002,C065,,Weeding / Tree Removal
WR0801,2017-07-18,1.00,E008,C052,,Lawn Mowing
WR0802,2017-07-18,1.00,E008,C056,,Lawn Mowing
WR0803,2017-07-18,1.00,E008,C065,,Weeding / Tree Removal
WR0804,2017-07-18,1.50,E008,C065,,Weeding / Tree Removal
WR0805,2017-07-18,2.50,E008,C059,,Lawn Mowing
WR0806,2017-07-19,9.00,E001,C066,,Excavation for Interlocking Pathway
WR0807,2017-07-19,9.00,E002,C066,,Excavation for Interlocking Pathway
WR0808,2017-07-19,1.00,E008,C051,,Lawn Mowing
WR0809,2017-07-19,1.00,E008,C009,,Lawn Mowing
WR0810,2017-07-19,1.00,E008,C027,,Lawn Mowing
WR0811,2017-07-19,3.00,E008,C066,,Excavation for Interlocking Pathway
WR0812,2017-07-20,9.00,E001,C066,,Foundation and Brick Laying for Interlocking Pathway
WR0813,2017-07-20,9.00,E002,C066,,Foundation and Brick Laying for Interlocking Pathway
WR0814,2017-07-20,6.00,E008,C066,,Foundation and Brick Laying for Interlocking Pathway
WR0815,2017-07-21,5.00,E001,C066,,"Brick Laying, Finishing, and Cleanup for Interlocking Pathway"
WR0816,2017-07-21,4.00,E002,C066,,"Brick Laying, Finishing, and Cleanup for Interlocking Pathway"
WR0817,2017-07-21,1.00,E008,C053,,Lawn Mowing
WR0818,2017-07-21,1.00,E008,C063,,Lawn Mowing
WR0819,2017-07-21,1.00,E008,C014,,Lawn Mowing
WR0820,2017-07-21,1.00,E008,C049,,Lawn Mowing
WR0821,2017-07-22,1.50,E002,C057,,Weekly Maintainance
WR0822,2017-07-22,1.50,E003,C057,,Weekly Maintainance
WR0823,2017-07-22,1.50,E008,C057,,Lawn Mowing
WR0824,2017-07-24,2.00,E001,C003,,
WR0825,2017-07-24,2.00,E001,C051,,Weeding
WR0826,2017-07-24,2.00,E002,C003,,
WR0827,2017-07-24,2.00,E002,C051,,Weeding
WR0828,2017-07-24,1.00,E008,C004,,Lawn Mowing
WR0829,2017-07-24,3.50,E008,C047,,Lawn Mowing
WR0830,2017-07-25,2.50,E001,C066,,Sod Laying
WR0831,2017-07-25,5.00,E001,C066,,Yard Cleanup
WR0832,2017-07-25,2.50,E002,C066,,Sod Laying
WR0833,2017-07-25,5.00,E002,C066,,Yard Cleanup
WR0834,2017-07-25,1.00,E008,C052,,Lawn Mowing
WR0835,2017-07-25,1.00,E008,C056,,Lawn Mowing
WR0836,2017-07-25,1.00,E008,C037,,Lawn Mowing
WR0837,2017-07-25,1.00,E008,C060,,Lawn Mowing
WR0838,2017-07-26,1.00,E008,C001,,Lawn Mowing
WR0839,2017-07-26,1.00,E008,C051,,Lawn Mowing
WR0840,2017-07-26,1.00,E008,C009,,Lawn Mowing
WR0841,2017-07-26,1.00,E008,C040,,Lawn Mowing
WR0842,2017-07-26,1.00,E008,C027,,Lawn Mowing
WR0843,2017-07-27,1.50,E008,C014,,Lawn Mowing
WR0844,2017-07-29,1.00,E008,C049,,Lawn Mowing
WR0845,2017-07-29,1.00,E008,C003,,Lawn Mowing
WR0846,2017-07-29,1.50,E008,C057,,Lawn Mowing
WR0847,2017-07-29,2.00,E008,C041,,Lawn Mowing
WR0848,2017-07-29,2.00,E008,C063,,Lawn Mowing
WR0849,2017-07-31,1.00,E002,C057,,Bark Chip Removal
WR0850,2017-07-31,2.50,E008,C059,,Lawn Mowing
WR0851,2017-07-31,3.50,E008,C047,,Lawn Mowing
WR0852,2017-08-01,4.50,E001,C034,,Garden Landscaping
WR0853,2017-08-01,4.50,E002,C034,,Garden Landscaping
WR0854,2017-08-01,1.00,E008,C056,,Lawn Mowing
WR0855,2017-08-01,1.00,E008,C052,,Lawn Mowing
WR0856,2017-08-01,1.00,E008,C037,,Lawn Mowing
WR0857,2017-08-01,3.00,E008,C034,,Garden Landscaping
WR0858,2017-08-02,1.50,E001,C001,,Hedge Trimming
WR0859,2017-08-02,3.50,E001,C034,,Garden Landscaping
WR0860,2017-08-02,1.50,E002,C001,,Hedge Trimming
WR0861,2017-08-02,3.50,E002,C034,,Garden Landscaping
WR0862,2017-08-02,1.00,E008,C051,,Lawn Mowing
WR0863,2017-08-02,1.00,E008,C027,,Lawn Mowing
WR0864,2017-08-02,1.00,E008,C009,,Lawn Mowing
WR0865,2017-08-02,1.50,E008,C014,,Lawn Mowing
WR0866,2017-08-02,1.50,E008,C053,,Lawn Mowing
WR0867,2017-08-03,1.00,E008,C049,,Lawn Mowing
WR0868,2017-08-03,1.50,E008,C057,,Lawn Mowing
WR0869,2017-08-03,2.00,E008,C063,,Lawn Mowing
WR0870,2017-08-03,6.50,E008,C034,,??
WR0871,2017-08-06,6.25,E002,C057,,Garden Construction
WR0872,2017-08-06,6.25,E003,C057,,Garden Construction
WR0873,2017-08-07,1.50,E002,C057,,Garden Construction
WR0874,2017-08-07,4.00,E002,C040,,Bidaily Flower Watering / Weekly Lawn Watering: July 21-27
WR0875,2017-08-07,1.50,E003,C057,,Garden Construction
WR0876,2017-08-07,1.50,E008,C003,,Lawn Mowing
WR0877,2017-08-07,2.00,E008,C039,,Lawn Mowing
WR0878,2017-08-08,1.00,E001,C047,,Lawn Mowing
WR0879,2017-08-08,2.00,E002,C023,,Vine/Tree Trimming / Pool Cleaning (Home)
WR0880,2017-08-08,2.50,E002,C023,,Tree/Hedge Trimming / Weed Killer Application (Mother)
WR0881,2017-08-08,1.00,E004,C050,,Biweekly Garden Maintenance
WR0882,2017-08-08,2.00,E004,C023,,Vine/Tree Trimming / Pool Cleaning (Home)
WR0883,2017-08-08,2.50,E004,C023,,Tree/Hedge Trimming / Weed Killer Application (Mother)
WR0884,2017-08-08,1.00,E008,C056,,Lawn Mowing
WR0885,2017-08-08,1.00,E008,C052,,Lawn Mowing
WR0886,2017-08-08,1.00,E008,C037,,Lawn Mowing
WR0887,2017-08-08,1.00,E008,C004,,Lawn Mowing
WR0888,2017-08-08,3.00,E008,C047,,Lawn Mowing
WR0889,2017-08-08,1.00,E009,C050,,Biweekly Garden Maintenance
WR0890,2017-08-09,4.00,E002,C001,,Window Trim Painting
WR0891,2017-08-09,4.00,E004,C001,,Window Trim Painting
WR0892,2017-08-09,1.00,E008,C060,,Lawn Mowing
WR0893,2017-08-09,1.00,E008,C027,,Lawn Mowing
WR0894,2017-08-09,2.00,E008,C059,,Lawn Mowing
WR0895,2017-08-09,2.00,E008,C067,,Lawn Mowing
WR0896,2017-08-10,6.00,E001,C068,,Flagstone Steps Power Washing
WR0897,2017-08-10,3.00,E002,C023,,Vine/Tree Trimming (Home)
WR0898,2017-08-10,3.00,E004,C023,,Vine/Tree Trimming (Home)
WR0899,2017-08-10,1.00,E008,C009,,Lawn Mowing
WR0900,2017-08-10,1.00,E008,C051,,Lawn Mowing
WR0901,2017-08-10,1.00,E008,C049,,Lawn Mowing
WR0902,2017-08-10,2.00,E008,C063,,Lawn Mowing
WR0903,2017-08-11,5.00,E001,C064,,Weeding / Laying Soil / Planting
WR0904,2017-08-11,5.00,E002,C064,,Weeding / Laying Soil / Planting
WR0905,2017-08-11,5.00,E004,C064,,Weeding / Laying Soil / Planting
WR0906,2017-08-11,2.00,E008,C064,,Weeding / Laying Soil / Planting
WR0907,2017-08-12,0.75,E002,C057,,Weekly Maintenance
WR0908,2017-08-12,2.75,E002,C064,,Mulching / Plant Transplantation
WR0909,2017-08-12,1.25,E003,C064,,Mulching / Plant Transplantation
WR0910,2017-08-12,2.25,E003,C057,,Weekly Maintenance
WR0911,2017-08-12,3.50,E004,C064,,Mulching / Plant Transplantation
WR0912,2017-08-12,1.50,E008,C057,,Lawn Mowing
WR0913,2017-08-12,1.50,E008,C014,,Lawn Mowing
WR0914,2017-08-14,3.00,E001,C023,,Tree/Hedge Trimming (Mother)
WR0915,2017-08-14,1.00,E002,C064,,Mulching/Cleanup
WR0916,2017-08-14,1.00,E004,C064,,Mulching/Cleanup
WR0917,2017-08-14,3.00,E004,C023,,Tree/Hedge Trimming (Mother)
WR0918,2017-08-14,2.50,E008,C003,,Lawn Mowing
WR0919,2017-08-15,0.50,E002,C037,,Lawn Mowing
WR0920,2017-08-15,1.00,E002,C037,,Hedge Trimming
WR0921,2017-08-15,0.50,E008,C037,,Lawn Mowing
WR0922,2017-08-16,2.25,E001,C057,,Mulching / Tree Transplantation
WR0923,2017-08-16,2.25,E002,C057,,Mulching / Tree Transplantation
WR0924,2017-08-16,2.25,E004,C057,,Mulching / Tree Transplantation
WR0925,2017-08-16,1.00,E008,C052,,Lawn Mowing
WR0926,2017-08-16,1.00,E008,C056,,Lawn Mowing
WR0927,2017-08-16,1.00,E008,C027,,Lawn Mowing
WR0928,2017-08-16,1.00,E008,C051,,Lawn Mowing
WR0929,2017-08-17,2.00,E002,C039,,Driveway Power Washing
WR0930,2017-08-17,2.00,E004,C067,,Interlock Weeding
WR0931,2017-08-17,1.50,E008,C063,,Lawn Mowing
WR0932,2017-08-18,0.50,E002,C039,,Driveway Power Washing
WR0933,2017-08-18,1.00,E002,C057,,Flagstone Step Repair
WR0934,2017-08-18,2.00,E004,C067,,Interlock Weeding / Cleanup
WR0935,2017-08-18,0.50,E008,C067,,Lawn Mowing (Only Backyard + 1/2 of Front)
WR0936,2017-08-18,1.00,E008,C009,,Lawn Mowing
WR0937,2017-08-18,1.00,E008,C041,,Lawn Mowing
WR0938,2017-08-18,1.00,E008,C004,,Lawn Mowing
WR0939,2017-08-18,1.50,E008,C053,,Lawn Mowing
WR0940,2017-08-19,2.00,E002,C023,,Tree/Hedge Trimming / Eavestrough Repair
WR0941,2017-08-19,3.50,E002,C023,,Laying Topsoil on Lawn / Weed Killer Application (Mother)
WR0942,2017-08-19,2.00,E004,C023,,Tree/Hedge Trimming / Eavestrough Repair
WR0943,2017-08-19,4.00,E004,C023,,Laying Topsoil on Lawn / Weed Killer Application (Mother)
WR0944,2017-08-19,1.00,E008,C001,,Lawn Mowing
WR0945,2017-08-19,1.00,E008,C014,,Lawn Mowing
WR0946,2017-08-19,1.50,E008,C057,,Lawn Mowing
WR0947,2017-08-20,4.00,E002,C039,,Driveway Crack FIlling / Sealing 
WR0948,2017-08-20,1.00,E004,C050,,Biweekly Garden Maintenance
WR0949,2017-08-20,1.00,E008,C049,,Lawn Mowing
WR0950,2017-08-21,6.00,E001,C067,,Dead Grass Removal / Soil Laying / Overseeding
WR0951,2017-08-21,1.00,E002,C039,,Driveway Sealing 
WR0952,2017-08-21,4.00,E002,C067,,Dead Grass Removal / Soil Laying / Overseeding
WR0953,2017-08-21,4.00,E004,C067,,Dead Grass Removal / Soil Laying / Overseeding
WR0954,2017-08-21,1.00,E008,C052,,Lawn Mowing
WR0955,2017-08-21,1.00,E008,C056,,Lawn Mowing
WR0956,2017-08-21,1.00,E008,C027,,Lawn Mowing
WR0957,2017-08-21,4.00,E008,C067,,Dead Grass Removal / Soil Laying / Overseeding
WR0958,2017-08-22,1.50,E001,C023,,Tree Trimming (Mother)
WR0959,2017-08-22,4.50,E001,C067,,Soil Laying / Overseeding
WR0960,2017-08-22,6.00,E002,C023,,Tree Trimming (Mother)
WR0961,2017-08-22,6.00,E004,C023,,Tree Trimming (Mother)
WR0962,2017-08-22,1.00,E009,C060,,Lawn Mowing
WR0963,2017-08-22,1.50,E009,C037,,Lawn Mowing
WR0964,2017-08-23,2.00,E001,C047,,Tree Trimming
WR0965,2017-08-23,0.50,E002,C034,,Tree Removal
WR0966,2017-08-23,0.50,E004,C034,,Tree Removal
WR0967,2017-08-23,4.00,E008,C047,,Tree Trimming
WR0968,2017-08-24,1.00,E002,C049,,Lawn Mowing
WR0969,2017-08-29,1.00,E008,C056,,Lawn Mowing
WR0970,2017-08-29,1.00,E008,C052,,Lawn Mowing
WR0971,2017-08-29,2.00,E008,C037,,Lawn Mowing
WR0972,2017-08-30,1.50,E008,C027,,Lawn Mowing
WR0973,2017-08-31,1.00,E008,C049,,Lawn Mowing
WR0974,2017-08-31,1.00,E008,C004,,Lawn Mowing
WR0975,2017-08-31,2.00,E008,C063,,Lawn Mowing
WR0976,2017-09-01,3.00,E008,C047,,Lawn Mowing
WR0977,2017-09-02,2.00,E008,C057,,Lawn Mowing
WR0978,2017-09-04,1.50,E008,C050,,Biweekly Garden Maintenance
WR0979,2017-09-06,3.00,E008,C003,,Lawn Mowing
WR0980,2018-05-01,2.75,E002,C068,,Spring Cleanup
WR0981,2018-05-01,4.50,E002,C045,,Spring Cleanup/Bags Used
WR0982,2018-05-01,2.75,E003,C068,,Spring Cleanup
WR0983,2018-05-01,4.50,E003,C045,,Spring Cleanup/Bags Used
WR0984,2018-05-01,1.25,E005,C045,,Spring Cleanup/Bags Used
WR0985,2018-05-01,2.75,E005,C068,,Spring Cleanup
WR0986,2018-05-02,4.25,E002,C057,,Moss Removal & Hedge Trimming
WR0987,2018-05-02,1.35,E003,C041,,Lawn Mowing
WR0988,2018-05-02,4.25,E003,C057,,Moss Removal & Hedge Trimming
WR0989,2018-05-02,1.35,E005,C041,,Lawn Mowing
WR0990,2018-05-02,4.25,E005,C057,,Moss Removal & Hedge Trimming
WR0991,2018-05-03,1.00,E002,C012,,Shrub Removal
WR0992,2018-05-03,1.00,E002,C014,,Lawn Mowing / Edging / Clean-up 
WR0993,2018-05-03,1.00,E003,C012,,Shrub Removal
WR0994,2018-05-03,1.75,E003,C014,,Lawn Mowing / Edging / Clean-up 
WR0995,2018-05-03,1.00,E005,C012,,Shrub Removal
WR0996,2018-05-03,1.75,E005,C014,,Lawn Mowing / Edging / Clean-up 
WR0997,2018-05-07,1.00,E002,C069,,Onion Removal / Hedge Trimming / Fertilizing
WR0998,2018-05-07,5.00,E003,C069,,Onion Removal / Hedge Trimming / Fertilizing
WR0999,2018-05-07,5.00,E005,C069,,Onion Removal / Hedge Trimming / Fertilizing
WR1000,2018-05-08,4.50,E002,C004,,Window Washing/Evestroughs/Fertilizing/spring clean
WR1001,2018-05-08,8.00,E003,C004,,Window Washing/Evestroughs/Fertilizing/spring clean
WR1002,2018-05-08,8.00,E005,C004,,Window Washing/Evestroughs/Fertilizing/spring clean
WR1003,2018-05-09,2.00,E002,C057,,Aeration & Lawn Mowing
WR1004,2018-05-09,2.00,E002,C052,,Aeration & Lawn Mowing
WR1005,2018-05-09,2.00,E002,C004,,Aeration 
WR1006,2018-05-09,2.00,E003,C057,,Aeration & Lawn Mowing
WR1007,2018-05-09,2.00,E003,C052,,Aeration & Lawn Mowing
WR1008,2018-05-09,2.00,E003,C004,,Aeration 
WR1009,2018-05-10,5.00,E002,C070,,Spring Cleanup
WR1010,2018-05-10,1.50,E003,C071,,Lawn Mowing
WR1011,2018-05-10,1.50,E003,C053,,Lawn Mowing
WR1012,2018-05-10,1.50,E003,C060,,Lawn Mowing
WR1013,2018-05-10,3.00,E003,C057,,Weekly Maintainance
WR1014,2018-05-10,5.00,E005,C070,,Spring Cleanup
WR1015,2018-05-11,0.50,E002,C001,,Lawn Mowing
WR1016,2018-05-11,0.75,E002,C014,,Lawn Mowing
WR1017,2018-05-11,0.75,E002,C072,,Lawn Mowing
WR1018,2018-05-11,2.00,E002,C070,,Spring Cleanup
WR1019,2018-05-11,0.50,E003,C001,,Lawn Mowing
WR1020,2018-05-11,0.75,E003,C014,,Lawn Mowing
WR1021,2018-05-11,0.75,E003,C072,,Lawn Mowing
WR1022,2018-05-11,2.00,E003,C070,,Spring Cleanup
WR1023,2018-05-11,2.00,E005,C070,,Spring Cleanup
WR1024,2018-05-12,0.50,E002,C037,,Lawn Mowing
WR1025,2018-05-12,1.50,E002,C067,,Lawn Mowing
WR1026,2018-05-12,3.50,E002,C067,,Spring Clean
WR1027,2018-05-12,0.50,E003,C037,,Lawn Mowing
WR1028,2018-05-12,5.00,E003,C067,,Spring Clean
WR1029,2018-05-14,0.50,E002,C071,,Overseeding/Dethatching
WR1030,2018-05-14,1.00,E002,C057,,Dethatching
WR1031,2018-05-14,1.50,E002,C004,,Edging/Mulching
WR1032,2018-05-14,3.00,E002,C068,,Dethatching
WR1033,2018-05-14,1.00,E003,C057,,Dethatching
WR1034,2018-05-14,2.00,E003,C071,,Overseeding/Dethatching
WR1035,2018-05-14,3.00,E003,C068,,Dethatching
WR1036,2018-05-14,0.50,E005,C057,,Dethatching
WR1037,2018-05-14,1.00,E005,C071,,Overseeding/Dethatching
WR1038,2018-05-14,3.00,E005,C068,,Dethatching
WR1039,2018-05-15,5.00,E002,C012,,Weeding
WR1040,2018-05-15,5.00,E003,C012,,Weeding
WR1041,2018-05-15,5.00,E005,C012,,Weeding
WR1042,2018-05-16,0.75,E002,C052,,Lawn Mowing
WR1043,2018-05-16,0.75,E002,C060,,Lawn Mowing
WR1044,2018-05-16,4.00,E002,C001,,Deck Sanding & Staining
WR1045,2018-05-16,0.75,E003,C052,,Lawn Mowing
WR1046,2018-05-16,0.75,E003,C060,,Lawn Mowing
WR1047,2018-05-16,1.00,E003,C001,,Lawn Mowing
WR1048,2018-05-16,1.25,E003,C004,,Lawn Mowing
WR1049,2018-05-16,2.00,E003,C014,,Lawn Mowing
WR1050,2018-05-16,4.00,E005,C001,,Deck Sanding & Staining
WR1051,2018-05-18,1.00,E002,C068,,Overseeding
WR1052,2018-05-18,4.00,E002,C057,,Overseeding
WR1053,2018-05-18,1.00,E003,C068,,Overseeding
WR1054,2018-05-18,4.00,E003,C057,,Overseeding
WR1055,2018-05-22,1.25,E002,C004,,Lawn Mowing
WR1056,2018-05-22,1.75,E002,C041,,Lawn Mowing
WR1057,2018-05-22,0.25,E003,C004,,Lawn Mowing
WR1058,2018-05-22,1.00,E003,C001,,Lawn Mowing
WR1059,2018-05-22,1.75,E003,C041,,Lawn Mowing
WR1060,2018-05-23,1.00,E002,C050,,Garden Maintenance
WR1061,2018-05-23,1.00,E002,C073,,Lawn Mowing
WR1062,2018-05-23,1.50,E002,C070,,Lawn Mowing
WR1063,2018-05-23,3.50,E002,C073,,Spring Clean-Up
WR1064,2018-05-23,1.00,E003,C050,,Garden Maintenance
WR1065,2018-05-23,1.00,E003,C073,,Lawn Mowing
WR1066,2018-05-23,1.50,E003,C070,,Lawn Mowing
WR1067,2018-05-23,2.00,E003,C060,,Lawn Mowing
WR1068,2018-05-23,2.25,E003,C067,,Lawn Mowing
WR1069,2018-05-23,1.00,E005,C072,,Lawn Mowing
WR1070,2018-05-23,4.00,E005,C073,,Spring Clean-Up
WR1071,2018-05-24,0.75,E002,C052,,Lawn Mowing
WR1072,2018-05-24,1.00,E002,C037,,Lawn Mowing
WR1073,2018-05-24,1.00,E002,C067,,Garden Clean Up
WR1074,2018-05-24,1.50,E002,C014,,Lawn Mowing
WR1075,2018-05-24,0.50,E003,C067,,Garden Clean Up
WR1076,2018-05-24,0.75,E003,C052,,Lawn Mowing
WR1077,2018-05-24,1.00,E003,C037,,Lawn Mowing
WR1078,2018-05-24,1.50,E003,C014,,Lawn Mowing
WR1079,2018-05-24,1.50,E003,C071,,Lawn Mowing
WR1080,2018-05-24,1.50,E003,C053,,Lawn Mowing
WR1081,2018-05-24,1.00,E005,C067,,Garden Clean Up
WR1082,2018-05-28,5.75,E002,C074,,Property Cleanup
WR1083,2018-05-28,5.75,E003,C074,,Property Cleanup
WR1084,2018-05-29,6.00,E002,C075,,Mulch Removal
WR1085,2018-05-29,1.00,E003,C001,,Lawn Mowing
WR1086,2018-05-29,1.50,E003,C004,,Lawn Mowing
WR1087,2018-05-29,3.00,E003,C014,,Lawn Mowing
WR1088,2018-05-29,6.00,E005,C075,,Mulch Removal
WR1089,2018-05-30,1.50,E003,C060,,Lawn Mowing
WR1090,2018-05-30,1.50,E003,C052,,Lawn Mowing
WR1091,2018-05-30,2.00,E003,C076,,Lawn Mowing
WR1092,2018-05-30,3.00,E003,C077,,Lawn Mowing
WR1093,2018-05-30,1.25,E005,C072,,
WR1094,2018-05-31,1.00,E002,C057,,Lawn Mowing
WR1095,2018-05-31,2.00,E002,C053,,Lawn Mowing
WR1096,2018-05-31,2.00,E003,C041,,Lawn Mowing
WR1097,2018-05-31,2.00,E003,C070,,Lawn Mowing
WR1098,2018-05-31,2.00,E003,C071,,Lawn Mowing & Patio/Driveway Sweep
WR1099,2018-06-01,1.00,E002,C057,,Weekly Maintenance 
WR1100,2018-06-01,5.00,E002,C075,,Mulch Removal
WR1101,2018-06-01,1.00,E005,C057,,Weekly Maintenance 
WR1102,2018-06-01,5.00,E005,C075,,Mulch Removal
WR1103,2018-06-04,4.00,E002,C078,,Backyard Cleanup
WR1104,2018-06-04,1.25,E003,C004,,Lawn Mowing
WR1105,2018-06-04,1.25,E003,C001,,Lawn Mowing & Driveway Clear
WR1106,2018-06-04,1.50,E003,C060,,Lawn Mowing
WR1107,2018-06-04,1.50,E003,C004,,Overseeding
WR1108,2018-06-04,2.00,E003,C067,,Lawn Mowing
WR1109,2018-06-04,4.00,E005,C078,,Backyard Cleanup
WR1110,2018-06-05,1.00,E002,C050,,Tecumseh Gardens Maintainence
WR1111,2018-06-05,3.00,E002,C078,,Backyard Cleanup
WR1112,2018-06-05,7.57,E002,C079,,Lawn Cleanup
WR1113,2018-06-05,1.50,E003,C052,,Lawn Mowing
WR1114,2018-06-05,1.50,E003,C071,,Lawn Mowing
WR1115,2018-06-05,3.00,E003,C014,,Lawn Mowing
WR1116,2018-06-05,1.00,E005,C050,,Tecumseh Gardens Maintainence
WR1117,2018-06-05,3.00,E005,C078,,Backyard Cleanup
WR1118,2018-06-05,7.57,E005,C079,,Lawn Cleanup
WR1119,2018-06-06,2.00,E003,C077,,Lawn Mowing
WR1120,2018-06-06,2.50,E003,C070,,Lawn Mowing
WR1121,2018-06-06,2.50,E003,C080,,Lawn Mowing
WR1122,2018-06-07,0.75,E002,C053,,Lawn Mowing
WR1123,2018-06-07,0.75,E003,C053,,Lawn Mowing
WR1124,2018-06-07,4.50,E003,C057,,Weekly Maintainance
WR1125,2018-06-08,1.00,E005,C072,,Lawn Mowing
WR1126,2018-06-09,3.75,E002,C068,,Reconcilitation for missed entry (labour charge) on May 15
WR1127,2018-06-09,0.50,E003,C068,,Reconcilitation for missed entry (labour charge) on May 15
WR1128,2018-06-09,3.75,E005,C068,,Reconcilitation for missed entry (labour charge) on May 15
WR1129,2018-06-11,1.00,E002,C004,,Lawn Mowing
WR1130,2018-06-11,1.50,E002,C052,,Lawn Mowing
WR1131,2018-06-11,2.00,E002,C067,,Lawn Mowing
WR1132,2018-06-11,3.00,E002,C074,,Lawn Mowing
WR1133,2018-06-11,1.00,E003,C001,,Lawn Mowing
WR1134,2018-06-11,1.50,E003,C060,,Lawn Mowing
WR1135,2018-06-11,2.00,E003,C076,,Lawn Mowing
WR1136,2018-06-11,3.00,E003,C041,,Lawn Mowing
WR1137,2018-06-12,1.00,E002,C057,,Weekly Maintainence
WR1138,2018-06-12,1.50,E002,C071,,Lawn Mowing
WR1139,2018-06-12,2.75,E002,C077,,Lawn Mowing
WR1140,2018-06-12,2.50,E003,C057,,Weekly Maintainence
WR1141,2018-06-12,2.75,E003,C080,,Lawn Mowing
WR1142,2018-06-12,1.00,E005,C072,,Lawn Mowing
WR1143,2018-06-14,1.50,E002,C053,,Lawn Mowing
WR1144,2018-06-18,6.00,E002,C081,,Garden Overhaul
WR1145,2018-06-18,6.00,E003,C081,,Garden Overhaul
WR1146,2018-06-19,6.00,E002,C081,,Garden Overhaul
WR1147,2018-06-19,1.00,E003,C001,,Lawn Mowing
WR1148,2018-06-19,1.50,E003,C060,,Lawn Mowing
WR1149,2018-06-19,1.50,E003,C004,,Lawn Mowing
WR1150,2018-06-19,2.00,E003,C067,,Lawn Mowing
WR1151,2018-06-19,2.00,E003,C067,,Garden Cleaning
WR1152,2018-06-20,1.75,E002,C071,,Backyard & Patio Cleanup
WR1153,2018-06-20,1.50,E003,C071,,Lawn Mowing
WR1154,2018-06-20,1.75,E003,C071,,Backyard & Patio Cleanup
WR1155,2018-06-20,2.00,E003,C080,,Lawn Mowing
WR1156,2018-06-20,2.25,E003,C077,,Lawn Mowing
WR1157,2018-06-20,2.50,E003,C070,,Lawn Mowing
WR1158,2018-06-21,0.75,E002,C053,,Lawn Mowing
WR1159,2018-06-21,1.50,E002,C014,,Lawn Mowing
WR1160,2018-06-21,2.00,E002,C050,,Garden Maintainence
WR1161,2018-06-21,3.25,E002,C038,,Lawn Cleanup
WR1162,2018-06-21,0.75,E003,C053,,Lawn Mowing
WR1163,2018-06-21,1.25,E003,C072,,Lawn Mowing
WR1164,2018-06-21,1.50,E003,C014,,Lawn Mowing
WR1165,2018-06-21,2.00,E003,C081,,Lawn Mowing
WR1166,2018-06-21,2.00,E003,C057,,Lawn Mowing
WR1167,2018-06-22,3.00,E002,C067,,Garden Cleanup
WR1168,2018-06-22,3.00,E003,C067,,Garden Cleanup
WR1169,2018-06-25,7.50,E002,C061,,Edging & Trimming
WR1170,2018-06-25,0.50,E003,C061,,Edging & Trimming
WR1171,2018-06-25,1.50,E003,C060,,Lawn Mowing
WR1172,2018-06-25,1.50,E003,C071,,Lawn Mowing
WR1173,2018-06-25,2.00,E003,C076,,Lawn Mowing
WR1174,2018-06-25,2.00,E003,C067,,Lawn Mowing
WR1175,2018-06-26,1.00,E002,C022,,Eaves Trough Cleaning
WR1176,2018-06-26,2.00,E003,C081,,Lawn Mowing
WR1177,2018-06-26,3.00,E003,C014,,Lawn Mowing
WR1178,2018-06-26,3.00,E003,C057,,Trimming & Weeding
WR1179,2018-06-27,1.00,E001,C004,,Lawn Mowing
WR1180,2018-06-27,1.00,E002,C081,,Pickup & Delivery of Materials
WR1181,2018-06-27,1.00,E002,C081,,Trimming
WR1182,2018-06-27,4.50,E002,C081,,Garden Contract Finished
WR1183,2018-06-27,1.00,E003,C001,,Lawn Mowing
WR1184,2018-06-27,1.00,E003,C081,,Pickup & Delivery of Materials
WR1185,2018-06-27,2.50,E003,C077,,Lawn Mowing
WR1186,2018-06-27,3.00,E003,C070,,Lawn Mowing
WR1187,2018-06-28,0.50,E002,C072,,Lawn Mowing
WR1188,2018-06-28,0.75,E002,C053,,Lawn Mowing
WR1189,2018-06-28,0.75,E002,C052,,Lawn Mowing
WR1190,2018-06-28,1.00,E002,C082,,Lawn Mowing
WR1191,2018-06-28,1.00,E002,C057,,Lawn Mowing
WR1192,2018-06-28,1.00,E002,C071,,Weeding
WR1193,2018-06-28,1.25,E002,C041,,Lawn Mowing
WR1194,2018-06-28,1.50,E002,C074,,Property Maintainence
WR1195,2018-06-28,0.50,E003,C072,,Lawn Mowing
WR1196,2018-06-28,0.75,E003,C053,,Lawn Mowing
WR1197,2018-06-28,0.75,E003,C052,,Lawn Mowing
WR1198,2018-06-28,1.00,E003,C082,,Lawn Mowing
WR1199,2018-06-28,1.00,E003,C057,,Lawn Mowing
WR1200,2018-06-28,1.00,E003,C071,,Weeding
WR1201,2018-06-28,1.25,E003,C041,,Lawn Mowing
WR1202,2018-06-28,1.50,E003,C074,,Property Maintainence
WR1203,2018-07-03,1.00,E002,C070,LPL011,Lawn Mowing
WR1204,2018-07-03,1.00,E002,C080,LPL005,Lawn Mowing
WR1205,2018-07-03,1.50,E002,C022,LPL001,Eavestrough Cleaning
WR1206,2018-07-03,1.00,E003,C050,LPL003,Biweekly Maintainence
WR1207,2018-07-03,1.50,E003,C022,LPL001,Eavestrough Cleaning
WR1208,2018-07-03,1.50,E003,C022,LPL024,Trimming
WR1209,2018-07-03,1.50,E003,C067,LPL008,Lawn Mowing
WR1210,2018-07-03,1.50,E003,C071,LPL004,Lawn Mowing
WR1211,2018-07-03,2.00,E003,C083,LPL009,Lawn Mowing
WR1212,2018-07-03,2.50,E003,C077,LPL010,Lawn Mowing
WR1213,2018-07-03,3.50,E003,C057,LPL002,Weekly Maintainance
WR1214,2018-07-03,0.50,E005,C067,LPL008,Lawn Mowing
WR1215,2018-07-03,1.00,E005,C050,LPL003,Biweekly Maintainence
WR1216,2018-07-03,1.25,E005,C072,LPL006,Lawn Mowing
WR1217,2018-07-03,1.50,E005,C022,LPL024,Overseeding
WR1218,2018-07-03,1.50,E005,C053,LPL007,Lawn Mowing
WR1219,2018-07-03,3.50,E005,C057,LPL002,Weekly Maintainance
WR1220,2018-07-05,1.00,E002,C004,LPL012,Lawn Mowing
WR1221,2018-07-05,1.00,E002,C001,LPL014,Lawn Mowing
WR1222,2018-07-05,0.75,E003,C052,LPL013,Lawn Mowing
WR1223,2018-07-05,3.00,E003,C022,LPL024,Trimming & Branch Removal
WR1224,2018-07-05,3.50,E003,C022,LPL024,Overseeding
WR1225,2018-07-05,0.75,E005,C052,LPL013,Lawn Mowing
WR1226,2018-07-05,3.00,E005,C022,LPL024,Trimming & Branch Removal
WR1227,2018-07-05,3.50,E005,C022,LPL024,Overseeding
WR1228,2018-07-09,6.00,E002,C081,LPL017,"Garden Weeding, Tarping, Mulching"
WR1229,2018-07-09,1.00,E003,C081,LPL016,Lawn Mowing
WR1230,2018-07-09,1.50,E003,C060,LPL018,Lawn Mowing
WR1231,2018-07-09,2.00,E003,C057,LPL002,Lawn Mowing
WR1232,2018-07-09,2.00,E003,C076,LPL015,Lawn Mowing
WR1233,2018-07-09,6.00,E005,C081,LPL017,"Garden Weeding, Tarping, Mulching"
WR1234,2018-07-10,1.00,E003,C081,LPL016,Lawn Mowing
WR1235,2018-07-10,1.00,E003,C072,LPL006,Lawn Mowing
WR1236,2018-07-10,1.50,E003,C071,LPL004,Lawn Mowing
WR1237,2018-07-10,3.00,E003,C014,LPL019,Lawn Mowing
WR1238,2018-07-11,5.00,E002,C081,LPL017,Mulch Installation
WR1239,2018-07-11,2.00,E003,C041,LPL021,Lawn Mowing
WR1240,2018-07-11,2.50,E003,C077,LPL010,Lawn Mowing
WR1241,2018-07-11,3.00,E003,C074,LPL020,Biweekly Maintainence
WR1242,2018-07-11,5.00,E005,C081,LPL017,Mulch Installation
WR1243,2018-07-15,5.00,E002,C081,LPL017,Transplanting & Installation
WR1244,2018-07-16,1.00,E003,C001,LPL014,Lawn Mowing
WR1245,2018-07-16,1.50,E003,C071,LPL004,Lawn Mowing
WR1246,2018-07-16,2.00,E003,C067,LPL008,Lawn Mowing
WR1247,2018-07-16,2.00,E003,C050,LPL003,Tecumseh Garden Maintainence
WR1248,2018-07-18,3.00,E002,C067,LPL022,Soil Laying
WR1249,2018-07-18,4.00,E002,C067,LPL022,Backyard Cleanup & Wood Splitting
WR1250,2018-07-18,2.00,E003,C080,LPL005,Lawn Mowing
WR1251,2018-07-18,3.00,E003,C070,LPL011,Lawn Mowing
WR1252,2018-07-18,3.00,E003,C070,LPL011,Stick & Leaf Cleanup
WR1253,2018-07-18,3.00,E005,C067,LPL022,Soil Laying
WR1254,2018-07-18,4.00,E005,C067,LPL022,Backyard Cleanup & Wood Splitting
WR1255,2018-07-19,0.50,E002,C023,LPL023,Lightbult Inspection
WR1256,2018-07-19,0.75,E002,C053,LPL007,Lawn Mowing
WR1257,2018-07-19,1.00,E002,C057,LPL002,Weekly Maintainence
WR1258,2018-07-19,1.50,E002,C081,LPL016,Lawn Mowing
WR1259,2018-07-19,0.50,E003,C023,LPL023,Lightbult Inspection
WR1260,2018-07-19,0.75,E003,C053,LPL007,Lawn Mowing
WR1261,2018-07-19,2.00,E003,C057,LPL002,Weekly Maintainence
WR1262,2018-07-23,0.50,E002,C001,LPL014,Lawn Mowing
WR1263,2018-07-23,0.75,E002,C060,LPL018,Lawn Mowing
WR1264,2018-07-23,0.75,E002,C071,LPL004,Lawn Mowing
WR1265,2018-07-23,1.00,E002,C067,LPL008,Lawn Mowing
WR1266,2018-07-23,1.00,E002,C076,LPL015,Lawn Mowing
WR1267,2018-07-23,1.00,E002,C041,LPL021,Lawn Mowing
WR1268,2018-07-23,1.50,E002,C074,LPL020,Property Maintainence
WR1269,2018-07-23,0.50,E003,C001,LPL014,Lawn Mowing
WR1270,2018-07-23,0.75,E003,C060,LPL018,Lawn Mowing
WR1271,2018-07-23,0.75,E003,C071,LPL004,Lawn Mowing
WR1272,2018-07-23,1.00,E003,C067,LPL008,Lawn Mowing
WR1273,2018-07-23,1.00,E003,C076,LPL015,Lawn Mowing
WR1274,2018-07-23,1.00,E003,C041,LPL021,Lawn Mowing
WR1275,2018-07-23,1.50,E003,C074,LPL020,Property Maintainence
WR1276,2018-07-25,1.50,E003,C053,LPL007,Lawn Mowing
WR1277,2018-07-25,2.50,E003,C077,LPL010,Lawn Mowing
WR1278,2018-07-30,2.00,E002,C081,LPL017,Gadening & Mulching
WR1279,2018-07-30,1.00,E003,C050,LPL003,Garden Maintenance
WR1280,2018-07-30,2.00,E003,C081,LPL016,Lawn Mowing
WR1281,2018-07-30,3.00,E003,C057,LPL002,Weekly Maintainence
WR1282,2018-07-30,1.00,E005,C050,LPL003,Garden Maintenance
WR1283,2018-07-30,3.00,E005,C057,LPL002,Weekly Maintainence
WR1284,2018-07-31,1.50,E003,C052,LPL013,Lawn Cut
WR1285,2018-08-01,2.00,E002,C081,,Mulching and Tarp installation 
WR1286,2018-08-01,1.00,E003,C001,,Lawn Mowing
WR1287,2018-08-01,1.50,E003,C071,,Lawn Mowing
WR1288,2018-08-01,1.50,E003,C004,,Lawn Mowing
WR1289,2018-08-01,2.00,E003,C081,,Lawn Mowing
WR1290,2018-08-01,2.00,E003,C080,,Lawn Mowing
WR1291,2018-08-01,2.50,E003,C077,,Lawn Mowing
WR1292,2018-08-01,2.50,E003,C070,,Lawn Mowing
WR1293,2018-08-02,3.00,E003,C014,,Lawn Mowing
WR1294,2018-08-07,0.75,E002,C060,,Lawn Mowing
WR1295,2018-08-07,1.00,E002,C067,,Lawn Mowing
WR1296,2018-08-07,1.50,E002,C023,,Installing Lights & Relocating Swing Set
WR1297,2018-08-07,0.75,E003,C060,,Lawn Mowing
WR1298,2018-08-07,1.00,E003,C067,,Lawn Mowing
WR1299,2018-08-07,1.50,E003,C023,,Installing Lights & Relocating Swing Set
WR1300,2018-08-08,1.00,E002,C038,,Gardening
WR1301,2018-08-08,1.50,E002,C074,,Property Maintenance 
WR1302,2018-08-08,1.50,E003,C074,,Property Maintenance 
WR1303,2018-08-08,2.50,E003,C077,,Lawn Mowing
WR1304,2018-08-08,2.50,E003,C070,,Lawn Mowing
WR1305,2018-08-08,1.00,E005,C072,,Lawn Mowing
WR1306,2018-08-08,1.00,E005,C072,,Lawn Mowing
WR1307,2018-08-08,8.00,E005,C023,,Mulching
WR1308,2018-08-09,1.00,E002,C057,,Lawn Mowing
WR1309,2018-08-09,1.00,E002,C072,,Lawn Mowing
WR1310,2018-08-09,1.00,E002,C001,,Lawn Mowing
WR1311,2018-08-09,2.00,E002,C014,,Lawn Mowing
WR1312,2018-08-09,1.00,E003,C057,,Lawn Mowing
WR1313,2018-08-09,1.50,E003,C053,,Lawn Mowing
WR1314,2018-08-09,1.50,E003,C071,,Lawn Mowing
WR1315,2018-08-09,2.00,E003,C041,,Lawn Mowing
WR1316,2018-08-13,0.50,E002,C083,,Lawn Mowing
WR1317,2018-08-13,1.00,E002,C050,,Biweekly Maintainence
WR1318,2018-08-13,1.25,E002,C004,,Lawn Mowing
WR1319,2018-08-13,1.50,E002,C038,,Leaf Cleanup
WR1320,2018-08-13,1.50,E002,C052,,Lawn Mowing
WR1321,2018-08-13,2.00,E002,C038,,Weeding & Gardening / Leaf Cleanup
WR1322,2018-08-13,0.25,E003,C004,,Lawn Mowing
WR1323,2018-08-13,1.00,E003,C001,,Lawn Mowing
WR1324,2018-08-13,1.00,E003,C050,,Biweekly Maintainence
WR1325,2018-08-13,1.50,E003,C071,,Lawn Cut & Trim
WR1326,2018-08-13,1.50,E003,C083,,Stick & Leaf Cleanup
WR1327,2018-08-13,1.50,E003,C083,,Lawn Mowing
WR1328,2018-08-14,1.00,E003,C072,,Lawn Mowing
WR1329,2018-08-14,2.50,E003,C070,,Lawn Mowing
WR1330,2018-08-14,2.50,E003,C080,,Lawn Mowing
WR1331,2018-08-15,2.50,E002,C057,,Weekly Maintainence 
WR1332,2018-08-15,2.50,E003,C077,,Lawn Mowing
WR1333,2018-08-15,2.50,E003,C057,,Weekly Maintainence 
WR1334,2018-08-17,1.50,E003,C053,,Lawn Mowing
WR1335,2018-08-17,3.00,E003,C014,,Lawn Mowing
WR1336,2018-08-20,1.45,E002,C038,,Back and front yard cleanup
WR1337,2018-08-20,1.50,E002,C074,,Clinic cleaning
WR1338,2018-08-20,1.50,E003,C060,,Lawn Cut
WR1339,2018-08-20,1.50,E003,C071,,Lawn Cut
WR1340,2018-08-20,2.00,E003,C076,,Lawn Cut
WR1341,2018-08-20,2.50,E003,C067,,Lawn Cut & Maintainence 
WR1342,2018-08-20,1.45,E005,C038,,Back and front yard cleanup
WR1343,2018-08-20,1.50,E005,C074,,Clinic cleaning
WR1344,2018-08-21,0.75,E002,C052,,Lawn cut 
WR1345,2018-08-21,1.25,E002,C004,,Lawn cut 
WR1346,2018-08-21,0.25,E003,C004,,Lawn cut 
WR1347,2018-08-21,0.75,E003,C052,,Lawn cut 
WR1348,2018-08-21,1.00,E003,C001,,Lawn cut 
WR1349,2018-08-22,6.50,E002,C070,,Back yard cleanup
WR1350,2018-08-22,1.00,E003,C072,,Lawn Mowing 
WR1351,2018-08-22,2.00,E003,C077,,Lawn Cut
WR1352,2018-08-22,3.00,E003,C014,,Lawn cut 
WR1353,2018-08-22,6.50,E005,C070,,Back yard cleanup
WR1354,2018-08-23,1.00,E002,C057,,Weekly maintenance
WR1355,2018-08-23,1.00,E002,C071,,Weeding back yard
WR1356,2018-08-23,1.50,E002,C071,,weeding
WR1357,2018-08-23,1.00,E003,C071,,weeding
WR1358,2018-08-23,1.50,E003,C053,,lawn cut
WR1359,2018-08-23,2.00,E003,C041,,Lawn Cut
WR1360,2018-08-23,1.00,E005,C057,,Weekly maintenance
WR1361,2018-08-23,1.00,E005,C071,,Weeding back yard
WR1362,2018-08-23,1.50,E005,C071,,weeding